id,Accept
63ef5dfc62f,1
65ee0569c05,1
19058f4da52,1
a0f1299afe4,0
e47da0be9fc,1
2d0a0c53c91,0
94b3ef18413,0
150c3cf0080,1
9b30e5ada06,0
f8764647b76,0
21428dd2b75,1
84d827b5245,1
de1be0d9bb4,1
ecf7ea9e263,1
dc8e4100adc,0
8ee7d7d977c,0
ac1141a836b,1
62d453b5c7a,0
3a8f4595ed3,1
da6434ac7e0,0
49159984b73,1
ea12ee84685,0
397ec78dac1,1
e1ddb91d6ba,1
234f6fc57d9,0
0e1d7a6526a,0
7d023c0ebac,0
7b3292d3136,1
d782fd9107c,1
e19d36c41ef,1
53ad941f708,1
2a94419c300,1
3e057f59c7e,1
07dba3bea67,0
c81b2cf7634,1
8305a87c7ba,1
a5f20ca1d41,0
d5bf3bd9245,0
5672135ce72,1
ca32090a339,1
94f1a9b05c2,0
7c21a34118b,0
e8792374196,1
bb7bff876b2,1
d2d30795dea,1
fb072b65fa2,1
62e7ac9c69b,1
26bc1c8632d,1
33c759414ec,1
81d3bb764a3,1
0025389c5af,0
19beff1b6e7,0
50d7ef8b0b4,0
ff898263b7f,1
2b2e075ddbe,0
cfda2fb6857,1
45d3aa28400,1
968764c4c43,1
8a48caf796f,0
32306d864f5,1
62c8b2688c4,0
bbdc824bc95,1
98170c9d945,0
8b2551b14f4,1
e47aa43f126,0
b9ecc7ae07f,1
6ffa9298d9d,0
5e0e23d3f17,1
7994e5ffbb0,0
8ac6c3f24ee,0
3734e50844a,0
8eb031a3b24,1
258eb2e5815,1
48997353a36,0
b6ba281951e,1
a0624aae1a0,1
e65a8cbc5d2,1
a4377dbed92,1
00b2d950109,1
cdc032b6dec,1
1fbc5ca2782,1
5e4e1c1a787,0
60fa15daef5,0
0ef7ac9ec8d,1
774289ffe71,1
d39a1567a39,1
4f2ac073ab8,0
48275db8ddd,1
c29acc5e7a1,1
3f9e77cce38,1
b7c9e2cbbb3,1
76d3843ff62,1
0a1de2a3abc,1
a502e41e0a7,1
6ebda32397e,1
fbd6ac65837,1
990c6dd4af7,1
275abae5631,1
40aadbf9f9e,1
cf220d42ac7,0
26e2f6f133e,1
a60b78c0dba,1
bd13b6253ae,1
31911dc94c5,1
5eb9ea2c3c8,1
748a69c5b02,1
f8bc5a8945f,0
96e27ea36ea,0
33949453431,1
cd315ad4627,1
e1eceaae1f6,1
9ba833b456d,1
2fa89339426,0
984cad46122,1
5de2ccd3166,1
a0308162b42,0
444815f5f23,0
c81bac612a1,0
cdc4f1f5647,1
6b4ade54702,1
b22e5f30dcb,0
a63b2e5e43b,0
a831476150c,1
07cb7b8219e,1
3f52c014070,1
1713ac1bdf3,1
ceda0bad984,1
022d61c5fd0,1
c8475bf4d85,0
bf41928e21f,0
14168db03da,1
920a697e9d4,0
0a0e4839c4f,1
4596eb0e0e7,1
b2bb0fbc8b2,1
55ec3846aab,1
329b1ecf95c,1
961b3df5b89,1
01a8920920a,1
dcc91d69d1b,1
688949a0ba1,0
f44251bd547,1
eb3dd483d56,0
1e25ea8ec63,0
7b5d65650c0,0
05b3c2faa67,1
b13a37e28c3,1
18be74b4665,0
fd79cc3bc27,1
59cbf9e93c4,1
056e0180468,1
edc9560cbbe,1
ed0a29067ef,0
5a0f0ed3aef,1
ba15d6cbdb1,1
c268b15adf8,1
c74464cc792,0
198c6b78408,0
7d63d85d8c8,1
e245b075e9f,1
6d7de9f3ab6,1
d4fb3009540,1
d165cb87fc9,1
bf3bd0b7296,1
25e5cf70fe3,0
f68798b3204,0
277f00a7957,1
0f5d159ad83,0
33f7c9683b3,1
728c42a9058,1
51b23754ef6,0
545a218879e,1
dac1fe0d0b5,0
a4490800649,1
43ff3d3596a,0
a1fcbd89a77,1
edb2b5b45b3,1
2393aabcaf4,1
8b1f925e8e1,1
fc2faaeb8f8,1
615bf7af6a6,0
3ce22cb3fd1,0
c1f84753567,0
6a11529a2e9,1
507978cfcbd,1
fd81e2828b8,1
ed083345236,1
413227f674f,1
d85beab194e,1
4caffceb582,1
496fec16dc3,0
97068d99b89,1
55aa88a0a88,0
6a83ad31d74,0
0f10b6dba49,0
587eac5c74f,0
c580c922464,0
1948b687031,0
32659284a73,1
e73cdd43dc3,1
abb8f7a0ec4,1
c26d4eac6c2,1
597a7a06b6d,1
77232b35947,0
fc64d79cace,1
adf2f7f944e,0
231376e418c,1
906410c927a,1
7895d1ff16a,1
e6493169b77,0
b0abd3a697f,0
d96678e1d16,0
31ec939a42c,1
881f687809b,1
1873f062edb,1
bcad45e0db3,1
74868115560,1
fc16c64169c,1
dcd08ad3601,0
97b1cceb07d,1
ff8ca215a7b,1
01cd04c90a2,1
dd971b70c87,1
a35bd84c776,0
c34e6675328,1
1213e97a4ba,1
0666a9c719a,1
f7a75e3dd2e,0
1cdd5314b42,0
8b476321d7f,0
ae15206240f,0
e8574c892ad,0
e240b928f9a,1
ce83e5ab939,0
ee95ec0cbb8,1
1f34e857510,1
be5e69393c8,1
60817eff4d8,1
5acf43e2857,0
7bb76aeb03b,1
bdbdd118bd0,1
ded47f37ceb,0
d74a856923e,0
6d894c261ae,1
865503d444b,0
40dd05c0474,0
8c95bd00a2c,1
251bc773590,0
cf5f486f296,1
1a16f29af95,1
4ee750425bf,1
b121cabe116,1
222935e4d62,0
b39c11a2bc8,0
7b4fe865404,0
d6b218ec051,0
c43262c8c98,0
0e185af50da,0
dfeaa735730,0
00f8d0ca8b5,1
79a73b2908d,0
7f7dcb0d4c3,1
f110bac527c,1
365c429466f,1
9fe165fa577,1
abc072b8faf,1
3e6527a9631,1
aeb82e50b36,0
979bad9fc75,1
a646a020324,0
2610a751a83,0
53fdfb3151a,1
405311c7f9a,0
19516671d5c,1
24799a1a7a7,0
d6d45cbac75,0
1f6cd649861,1
9b430a4bf89,1
cec0e86e386,0
772c1e11206,1
53352cad41e,1
250b61d36ae,0
75b9f9fc1bf,1
fd7ecfe05ba,1
151d0991955,1
1ff73484292,0
d7e80d7fda2,1
665475e38bc,1
26c08e32826,1
7fd316a8944,1
65cc70520c8,1
4a479c74396,0
c74735a4cdd,1
02589a0a99f,1
cd5bbb3b340,1
3391546399f,0
ffcef09c368,1
5e4f920a187,1
bd1263181d2,1
df371a6618b,0
d4c7f2569bc,1
085de7b0ef8,0
9f530a22979,1
25635a7f5e2,1
97232239444,1
f09b4b58709,0
812a95254ca,1
d13d2174390,0
32740a093ad,1
30ded33a540,1
b1491f9e8b3,1
03b86451e3c,1
f4c00cc633d,1
2edac6df97b,1
26aa59375e6,0
ccab775744a,0
6cc859628bb,1
e7f92f4d1b3,1
900b8e3fb4d,1
ae8bd414713,1
82fd60e84fd,0
b822e9ea300,1
4ba27d684d7,0
27f976d51e7,0
974b8babb6e,1
e0f92f3e5c4,1
eb5b3c17fa9,0
caa6dfd9dc9,1
29ac1723522,1
3c66816fb43,0
9a09f1d16b9,1
964d101dde7,1
30075a63269,1
f963e6fe738,1
9848f45b8c5,1
54ae3aeb566,1
06fe2e41d1f,1
cfcfb112ce9,0
0b326a76686,1
cb6109d491d,0
49e2084e4e7,1
2e0d9c9e2e8,1
d82c2414a48,0
97764bb4017,1
3935754f745,0
55f290e7004,0
bcb7307ddb1,1
a38ca0e6d23,1
5a9f24e99dd,1
3ba630c140c,0
8ac7a4b7e00,0
2e6988177a9,1
ba39a6b7dc9,1
ce6d2f8464c,0
1cc94427ca9,1
1b0b940124f,0
6364b50b25c,0
8a2b3a813ca,1
7aee14de179,1
65af33b688f,1
ccdab771dbd,1
5cc7a7315f3,1
b9d82f2a9db,1
8ca7b67dfb3,1
b500305229a,1
d9404362c38,1
f77f28077d9,1
696ff0cec10,1
76321f609c3,1
21b867db26d,1
d9d4d688a24,0
bfe39c070bb,1
082b359d6f1,0
77af468d55c,0
a942df05b6b,1
a87e11e0193,0
3638eb45619,0
de5bf08f5da,1
0ccdda58a5b,0
ed1c6a74338,1
ee190d4a3d8,0
89f22d44a5a,1
1402a1a3ebc,0
cc61064cbb2,1
09c81bbbe33,1
e18f36ea6aa,0
6526e96443c,1
852ba1bb421,1
5b7bfd95cfe,1
0573dae79ec,1
033398f32e5,1
41df4d2c55f,1
07cf886e807,1
9dccbed76db,1
0fb2da82359,0
96724970d86,1
8dfc07c4f80,1
75e2a6b2eec,1
5f8c344a2b0,1
4326e7bf9a2,1
e303bac1c45,1
777e23fe657,0
a28548471ab,0
143d63cd78a,1
a918f91e04d,0
8fd90435a7b,0
5f7465ad216,0
3e6e46fd00e,1
133257f2c7c,0
e7378b85e2c,0
bfb39c3f5b3,1
65746a04432,1
61d2d21823c,1
ae9417ade69,1
25c86f717c1,0
fd84217a437,1
e73eb31f5ce,1
874df469383,0
ddf17a579eb,1
902adfcf702,0
bcb8e901614,0
bce40885eed,0
391d4eb0b69,1
6cafb2ffb4e,1
274932d402f,0
cf4fa89f34b,1
544a5bbee7a,1
75090f2e55b,0
be005791f92,1
64b74a179d2,0
54541688110,1
1d234deb40d,1
e65b0870c25,1
e588da6ea7b,1
4bedf9a9a84,1
d184d6918af,1
9cfc100bd5d,0
eae4635ae01,1
d5b1c43879b,1
4146618fc52,1
57800f473d2,1
f9fab4c0e9e,1
f8ffb6e29e4,0
cf257ba71f8,1
f9ecaf14eec,0
c973ba5b041,1
18e3409af8d,1
57661b4b187,0
6fe375e7520,1
2cf238c6aea,0
6cb0bdb226b,0
038753be0dc,1
79fba47e5e1,0
855d815353e,0
51a630c8240,1
dea92a53ec0,1
11e0e1b450c,1
ba55bb85ea4,0
c536424946e,0
ff90fed99a1,1
6d352e3590e,1
de86b5c2d5c,1
ff7a1e686c9,0
820eea5e15d,1
0cd25800e40,1
5ab5532f067,1
4e28d843437,1
dbac078ece4,0
fce45531602,1
e99cb19406e,1
2d06a75e20c,0
8756342913f,1
c1d25a33bcf,1
de7f2ab1cf8,1
f05e9acc586,1
9493c053032,0
f949b285217,1
5016a9ecbe2,0
a1f5be254b1,1
5e70d990909,1
b4b31af2d17,1
1b839bf96ff,1
a4c7f263ad9,1
86d48ed2862,1
3230a8a222b,1
b9370ac4fc7,1
39c541b5474,0
5e883cc62d4,1
31225e99b87,0
50de14e950d,1
1e11d673bb9,0
ba47e38db8f,1
73a22d6c8df,1
018621b4f2f,0
fed1ff22873,1
f30618fc0d7,1
0eaa246351f,1
79d42359731,0
682243fbf4f,0
70c201785f8,1
170e696e709,1
05ceabe37b3,1
4c950535b90,1
3e8961c272e,1
9258b82b83a,1
dc49d5ac8b6,1
7e803515000,1
738b3079b2b,1
f0076c217d4,1
590237c9ff0,1
ddc11a7bf9a,1
1c63255aafd,1
f5da2c09d3c,1
8ddcee4a724,0
10cd60a3dbf,1
3ac13a90205,0
b90cf6e4d46,0
96fb92e7c03,1
88f314b3bb6,0
b783b9a67c0,0
c4258ab1337,1
0c48cee834e,1
49bb060dfcf,1
9c8e3e7cd24,1
c82b5f8dde5,1
ef09770beb3,0
17847f24fe4,1
444d005bf2b,0
bc8d86af3b8,0
75218f2d8b8,1
dda768dde3f,0
e279cbde828,0
259069d981c,1
4785f2f5763,0
195fca02427,1
53542003b1d,0
6b56cdec828,1
3423a2041f8,0
64189b5ae72,1
d1b735cdb71,1
92d12bc678c,1
780674d28a4,1
fad712e2491,1
5add5519692,1
3f61d3f1593,1
cfad40d1dbf,0
1279e9745f9,1
0f7de2b4da9,1
259c1fd6bb8,0
17dac6e57d0,1
70ca6e377c4,0
9d6618541db,1
8b50f45046e,1
221acd7c6cf,0
73644f10cb2,0
b8c249e36ad,1
42c7db1ed34,0
48d49e5beb8,1
e36494fe499,1
2efb736af4a,0
204e2abc107,1
c4472f59277,0
99f9e7b6228,0
d1daa9d19af,1
6a98d01159a,1
8fefb974bb9,0
8fdce95384a,1
04b83312d24,1
24c6dd1547a,1
ca18f3a5203,1
2bfc5e75230,1
5d812b6f508,1
8fb29e96b7d,1
41ec7a689d3,1
a702c9aefce,1
e3c0d65c393,0
a5123240941,0
b1787850754,1
6ffebf1ebb4,1
169bc3d7f12,0
46b98813428,0
bc5aa54d833,1
d7f1b704728,1
fbadae229c3,0
b79791e39b5,1
cd0b6260e7f,1
be1e0fd8742,1
99cdf4c44ef,0
13c82318afc,1
67cabd46d37,1
0767a90a1bf,1
cb37e796b55,0
bad2e521543,0
4e05a88a738,1
f612381bf6f,1
9ec3b26eea7,1
772e8582680,1
590d3502e3a,0
5a8dcd37524,1
e129036b7af,1
1f4cbea7e13,1
c26414e0f2c,1
7da80f37c36,1
65c62e86ec2,1
5ca3e58a8b2,0
662c55920e4,0
27573a2893b,1
8986fae804f,1
b46715dd842,1
f4a0b9e5f0a,0
c9357f86a7a,1
bcf9022bf2b,1
6048ad4cffa,1
3d18f3c173f,0
25c2a0c58d4,1
9a409b7653e,0
fcd6da464a4,0
e41e354a497,1
dfc99ff97d3,1
eabe6944e1c,1
05afb75820b,1
94689e2613f,1
27021b4c7e7,0
3d44b0ff097,0
e4ec475b486,1
505a174f68b,1
f5a03a38fe9,1
aa377130914,0
3885dde23f1,0
32b3e7c81aa,1
6a600f26e7f,0
b4ef3cb8ddf,1
792c3a17ccf,0
429c91ffdbd,1
01ad5bc77bb,0
f8db5f85850,0
2426644cd45,1
e5d71824c0c,1
ea0dae26a11,1
3254f2979da,1
a486daad14b,0
da9cd1075a8,1
52b99d6d10b,0
b457f59d4b2,1
cd5fbc4b5dc,1
93de4d7c584,0
3f11ddadaa3,1
0159864b091,1
469968c80ab,1
47334a21477,1
3f7bdf8370c,1
a665d9c63d9,1
9f49103a3dd,1
72b3095c8d7,1
9474973f50e,0
7b7fde45cec,1
b98dc30283e,1
72e0c9d3ac0,1
ce995fdd027,0
93a7c2d9948,1
ca6ff957d6b,1
681dde29720,1
2b374deb0f0,0
a15769b207c,1
6aca0bcd52d,1
432953daa17,1
1a4b5f78d84,0
c0a50b19414,1
96394c22044,1
9c137f7eec5,1
7deaf79b97f,1
46841dd7d6e,0
036ee41e2d7,1
f028cb019b9,0
92449ad071f,0
8a6f208018a,0
4ebbd63560a,1
36cb9ee2244,0
4b0f12283c5,1
7021f360c6e,1
f2b39206de1,1
b307821f122,1
95fc2824ccc,0
35195fc0243,0
663a0d8cce3,1
3712de633cb,1
6503b141184,0
e2a43f20300,0
e80df403181,1
f85b033a8df,1
f9fd64e3179,1
e58070d85c3,1
f33597b3d98,1
21d56248189,0
6d0706385d0,0
9728963d995,1
3293d3fdca7,1
af9f6a7e081,1
7a9f2c68ae3,1
f40734d5f4a,1
0859174ca5c,0
074b1fc0bb9,1
7cdfd5f5692,1
3b6591e3a1c,1
99f3b0e8e8b,0
7b34187daea,1
06788d3100e,1
01be12f9ada,1
6dbfe82999a,1
c56832a3e0b,1
734e82a071c,1
37e95ba203d,1
89f42162648,0
85a6c2aefd9,0
365fad89ba6,1
5a0700fdb86,1
1bfbe16e366,1
04f45d7f8e8,1
11fb54e4f94,0
d2e7f522ad7,1
edd62e6e7de,1
fb054c721cd,1
1af62d87fb4,0
23563e36689,1
29f9429e4db,1
b1f2b6f2430,1
dad5887afc5,0
215448484b2,0
3ba40894883,1
a5d696f06b5,1
c7c183861d8,1
a5f8d67ac9a,1
15d06c186bd,0
9ac00f7766b,1
ed49a169420,1
7956d066125,1
a421f124f14,1
dd66b7f17a1,1
ea01bced55e,1
1ecc0f6f5eb,1
aeb17ac17b4,1
19501cd3de4,1
8086f1407cb,1
8e662214828,1
24861b6e276,1
3b9f7675f12,1
5cd3df73b4d,0
8e0b9db6d3d,0
72ce29fa840,1
0479e0e0c63,0
072d047db0e,1
892ce03f8b5,0
bae5fd568d2,0
e201d818eed,1
5257832867b,0
1dd2555e659,1
b79952b9fd3,1
9258fc5bd55,0
043e5427de4,0
40948d2a126,1
7e60ae33938,0
a014e4b2d3d,0
cf864088d9c,1
7fd77376390,1
99fe76c8695,1
417b3003b0f,1
d6d9d03bd2e,1
2a782261159,0
0b8e0f218f7,0
0b8012063a9,0
785c1f4c48d,1
08bbe0300bd,1
0d84c68b4f2,0
34375c9d60d,0
296a8e559a2,1
c62b2caca99,0
a51d44e414c,1
905ceab27bb,0
734a351ae2f,1
4d55b4eb040,0
0cfb3f2cee0,0
0efff7a3d43,1
faab619d781,0
74791a7298e,1
9ad438bd4f6,1
078774bf7e2,1
3b3cc49115c,1
34016c500da,1
58a1c583df9,1
ef1856be722,1
04e9c81399a,1
ce3ff8ddd3b,0
95dec000aa6,1
c305c98ba5d,0
9aee2bb4522,1
9a1119a020c,1
63c23834624,0
71c670d61a0,1
aef4433c0fb,0
138686ea400,1
0fb83647162,1
5f2d06fbd8d,1
2f45cbd3e11,0
7c67163ee78,1
389289dbaa9,1
3d0c27b8d61,0
d0abf6c0c7d,1
7b5a1aa114a,1
1729aa0b8cf,0
e6bd2f703ad,1
426bab55e2e,1
a4ff4a7ab55,0
5a178682f5c,1
b7029b25858,1
4ae8e48c183,1
ea781d0bf1f,0
7585df3e89b,1
0b4067139bb,0
7a71f97eba5,0
ae1a3aaea9b,1
864d3199820,1
e530d900c13,1
a2337f00507,0
5eba94a8f5a,1
0a260a59d74,1
08187fe9c2d,1
55b2e4e2926,1
f2e7a63c2cc,1
fb22226af88,1
8a1efd33fe4,1
05b1c94cfe5,1
a6bbe7c4d1d,1
421c96d3fcb,1
5cade96c2b0,1
de511cf0fff,1
9150882e230,1
d688f923f5b,0
7d542006ac0,1
8e76fc9d7be,1
5eb9b0015be,1
ff75dddbbef,1
1e18362f828,0
ffe4bec96c1,1
ef93e79ec0b,0
3b9e3375eb4,1
c07c35a1438,1
1142979c09f,1
93166cde4fe,1
ba89e10801f,0
e416b54dacb,0
ae4d7e55b01,1
c2d9c59274c,0
aae3bab0eee,1
b200abfd334,0
122437c2e1d,1
b429260cefb,1
57705926efd,1
517e4c0e192,1
11d4dc489c5,0
fa193461c28,1
6a9922321b5,0
fdd490ec779,1
01e874c1974,1
6526cbc0b93,0
f513bd8a8de,1
77d4e9641dc,1
86cc7aff246,1
5a12d747b5f,0
0443cd5dc7f,1
d1363185f67,1
1a45cca493e,0
3ef8c9c61cb,0
fb9b1d10ac0,1
60a3050337d,1
883f0e97b2b,0
c2a0c486cb8,1
230626da5eb,0
b2b07bcc277,1
efb3b842b61,1
4daf7f6aeda,1
2915f02d6fb,1
2784c85fc3e,1
9e4657b48c0,1
3bd326abd95,0
6ad7858128f,0
a70fffb756c,1
2c6ab8ea6c6,1
cc8dbde655e,1
53cf8fe938f,1
e3d02b23cb5,1
b78ed71761e,1
12034ae561b,1
ff14883dc35,0
056b2d373c5,1
59ca892595e,0
621ae8d2f15,0
d73de838d6e,1
a531fa7ea04,1
a729d45a7ed,0
3eecd3b4368,0
9e148845ad6,0
7e489472cf6,1
89e920a7b46,1
68cb50da93e,1
ffcb0488c89,0
081121b7a82,0
ca88169ae1c,1
48086bd54a4,0
a3e6ef9b67d,0
cfd74276901,1
1c95bf6a74e,0
90c83a1e0dd,1
c3baee34b60,1
adbdca0f09d,1
9cd62b48582,0
d075802b3d1,0
194e3b4e425,1
845c8a4ddda,0
49c801bbf8f,0
bfd2e67072e,0
3f68607e4f4,1
971793e6fb3,1
57250bd7ad7,0
17472dace50,1
3b20d8a98b3,0
fb7d5c359be,1
71ea8571815,1
fbe3d002f75,1
1cc1379dc80,1
d794098cc12,1
1e8455dbc3e,1
5c590912248,1
03f74dc31c0,1
85b2409e596,0
4b5f866b5fb,0
a89afc5c26e,0
f2773275bbc,0
4a26233e917,0
80a605aa36a,1
70cdf7431b3,1
f0fe1d08d9a,1
8b9d02fa0a9,1
40d9d5b8516,1
e31a6f18e79,1
6ad40c5b387,0
534497622d2,1
8113151fc17,1
33bc2e42fd6,1
2fc28a50843,0
1e0578df0bf,1
c99e7ffe53e,1
200a485ecbe,1
3dbe84b6dfb,1
ab8155e9153,0
d5518e6b799,1
38a539c23ca,1
e51c08c3617,1
7802ac04ac9,1
b2cfdf88a74,1
c032bdc4d8b,1
5b760457a98,1
e93a585618b,1
635752ca1d8,0
746a564ce11,1
82ccf509b1f,0
80ad23d65a2,1
e1b02f82087,0
25f33607a6d,1
f5df4623637,0
4143d3882b4,1
e888fded2eb,1
947d64389e2,1
f43c84ad31c,1
a8eed9fcf45,1
c8f89833e91,1
a94d1fc5ade,0
b85b82f387e,1
b69528100e7,1
ce1857b951e,0
b325af915b5,1
a477f7cb208,0
0c22395e0bc,1
9e9b0bcddb1,1
6176ebb28b0,0
8f13705eb35,0
89baa9725c8,0
fd7f16ef3bd,0
933d8300370,0
4d14670cb1f,0
bb7c1a012af,0
10100be20a4,0
fc73f06cc89,1
57757b359cc,1
f92a4b358bd,1
1e3a06f7ad6,0
83abea46ca7,0
183e5e26fe3,1
a944ed543bc,1
b5c6674fcfa,1
740a71345fb,1
6d6db67c95e,1
b8bf4a37b10,0
d36f7daa56b,1
acddd7d0b77,1
141c455d0bc,0
c92970eb166,1
f1f53679a80,1
0e106401166,0
1b5856bbe46,1
a69a5f403f6,1
c35ba374136,1
243d1340229,1
820ba938688,0
522a093ce64,1
754376638c4,1
df023344704,1
f3f19ce9319,0
ed5b497ef85,1
8ca0b123e7b,1
64f89bf5048,1
16fdff76f02,0
16cdd11b8d3,1
a64eb44e030,0
dc514a4e74d,0
850ed1d52d7,1
2283d2dc2ad,1
2912f5ba796,1
0e90f64bd97,1
66699061839,0
fb778e65b9e,1
8e269054246,1
c36cd900177,0
9ab89c46724,1
d99c1ed9926,1
5f955d3afc1,1
03305610161,1
01b703f31c7,1
5393aa1a509,1
5fb917feb52,1
ca824ee90c9,1
1c7dccc9eaa,1
f9faed8ba93,1
ac95096bf53,0
4376bc6c870,0
58a5b4d6849,1
721c6a81bd0,1
673861606c9,0
dccef7ef0ea,0
41ca81bb68e,1
0cc1d345c16,0
fb88b105a88,1
450beac324f,0
81d30cdcb8c,0
ab4c95f6002,0
50c7395cd95,0
95dd4ea0325,1
26147118a46,0
bc4d128ae7c,1
9d8ff44c2ac,1
e399ed46abc,1
5221a3fff45,1
9d99a10a7ba,1
55123ffb272,0
1a8f10723f5,1
a6648a92369,0
e1a14c08af2,1
757fb44fa51,1
1e83a367957,1
fb8c6051e8f,1
4334bfe92a3,0
1fd285ebfb8,0
940f9520a64,0
3715891d6b7,0
7ec5c0f283a,1
1c207072b5d,1
641ffbbb8c5,0
3700286b6b4,1
429396dd98c,1
10e961b009b,1
fbfe28df2ac,0
8ec9b0cceb3,0
c7f61f7f6b0,0
68f996f078d,0
e1033255568,1
25189fe7525,1
625034d7a0e,1
d3297dabc14,0
9a6573a118a,1
0bd31e62713,0
91d914b9ac0,1
1215857602d,1
37674a53e49,1
b738b60d3bb,1
97c59c3af4d,1
2518d7710c3,0
7db96f27dc8,0
041c2de96ab,1
3b31b72c51f,1
d46f8fe9612,0
677b303327e,1
1b34afebf7d,0
26f4190a8f3,0
5e4edb7c75f,1
3343653f88f,1
b356f6fcd74,0
302e35e69c5,1
1b3edd67e69,0
5dec800598e,1
adf0c0b5c9d,1
43aad6e1a47,1
513820d0ed9,0
e4bf88fd696,0
d651c647c6e,0
2945362834d,1
f3a3c8626db,1
618096a7afa,1
6c235d95e27,0
c7c063d926d,0
55c974f2542,1
9775e7d2c56,1
b22fb321ab7,1
582ad204ae8,1
99cac547ec9,1
92c376235ae,0
8979f809934,0
302a934e47b,0
2bde8a92c7c,0
6ebc5d49627,0
6ab791c8060,1
0c57e238043,1
e518d129430,1
3e740139d2c,1
9d9cea07026,0
265f9326eec,0
c09b20f763d,1
4aea0f05043,1
ab375b813f0,1
ecc1731b53c,0
3cd063114f7,1
8e7b606320a,0
d093612984d,0
065e68640f9,0
b4fa69b44a2,0
2be6cd49d2f,1
fa5831b038b,1
f2321fe5f6e,0
3c8a8bb747c,1
21490ca1a51,1
c3e01cd41c7,1
f0bdae151da,1
30788ba8412,1
7791f780595,0
0eec2577309,0
5d914152f38,1
3e2131ef87b,1
682e46b0989,1
798ab039530,1
eccd3ea8fd6,1
9456466e581,0
6cbd7880baa,1
3e69ee53d9d,1
158c237408b,0
7af5922f30f,1
f1c704ca2c9,1
3c0b0801bb6,0
6a15bd7462d,1
14a1792be30,1
f1c027f40fc,1
92998d12b86,1
f374023b9b9,1
8b28f53d031,1
1c226332b31,0
0f0797bc694,1
589478e0db6,1
335931807cc,1
6babe60931b,0
2a46f6477e3,0
4b783c31a61,0
03c365d228c,1
19cdb0bfbd1,0
21916828ef9,1
17756fe1fb0,1
9c05ff2951b,0
2ceaab55be1,0
d24dd948a77,0
bf55277208b,1
8028e11b8d7,0
0d5ab2a12ea,0
7970e16c405,1
237c4e37ea5,1
7244c7967ae,0
940004d708c,1
710e212b476,1
60bec225d21,0
fb7166be5fd,0
7df6dbef725,1
589a08bb6cf,1
3490775ef97,0
49c730aa6dd,1
809dc09bdcc,0
fa1c5f3cc28,0
30f36f74beb,1
0641365779f,0
c5aecd9a204,1
b6579e179a7,1
5c4091b3cc2,0
c1f0761f1ae,0
ab3a5ea7fb8,1
cffe78532c4,0
4390b64fdfa,1
07f9a2107f1,1
a15ca82d8fc,0
6ceb9d8be64,0
8aa0eac769d,0
fefb1f427fc,1
c1c817cf819,1
5f3f5a0739e,1
49b8f32b53e,1
2f78828d05d,1
bab14280a10,1
3e10baddc5a,1
7823c657dc0,0
43ca88963d7,0
0375bb313ca,1
36bfcb845b5,1
2286168a652,1
21c15f7d6f9,0
9ca30760172,0
50eaa0964a3,0
a88495bf936,1
e3598c7352f,0
6911ab3c13b,1
0ea1ad45cef,0
0f1f937883f,1
fceb7c02b59,1
d8c963781df,1
69a6738560d,0
62ad6431d4a,0
be8a42ec0e5,1
08acba0db58,0
26ad6055fd3,1
3c929927393,1
ce646abaa5d,1
7073ba124ce,1
ecc428bd39a,1
18303ad9eeb,0
c94109ef5b3,1
b9bbc72b39a,1
dace6d0c5c6,1
61857844e68,1
9f47bfdaa3f,1
42ccfe45316,0
ca2fb13efb4,1
786b805efff,1
5e1ebc46681,1
df000275e22,1
e26465275be,0
8ddeeee468c,1
ba85ded196c,0
835c8dca152,1
6558efed82f,0
661b4a227e1,1
f4a34d8de25,1
be8cc0ca3e0,1
9bd0ee1a8bd,1
c542d961c40,0
03cd3587fd7,1
a658bcb9f67,1
5ed1f1384aa,0
8b04018faf4,1
37d7143eb3b,0
d2d08ded186,0
fbe5584725e,1
8b6459e659e,0
4be1cfaddf3,1
c734a5f8ce1,1
677835d4c16,1
190a1d8bec0,0
3b21bbb0c8b,1
ea254b54d3a,1
5259bca2c5d,1
3a8e0906c53,1
2e8c7d90f18,1
3b9c9bbfa79,1
9df157ff202,0
f09d7701740,0
c73cbf39d47,1
0fafa4d81a0,1
54393d5c28c,1
6e29fcc0723,1
696d93447ca,1
7f6d87b7813,0
06bf727908c,1
e8aa512d31c,1
e4c510a1042,1
b0a10447e48,0
c72586b3dac,0
937e2f352df,1
cc97a429130,1
5856c35af6a,1
5e8078746f4,1
de015018f21,1
796174b717d,1
24906eb9e01,0
79348ad5446,1
6d869d4a22c,1
7427af9cecf,1
18a014435e9,0
8122879fa84,1
581d5089996,0
18b34e85949,0
7994d020d68,0
37ec4477fc3,1
27b4d34c054,0
3b28f18d8c2,1
5c667a083ef,1
57be80d1ce3,1
09c56f14679,1
2bc105e2f92,1
aace4f0dd3e,1
dd4841b4259,1
9a9d39cee10,0
020bdecb3a5,0
2c3f1b70bfb,1
c82b4f7d765,1
987e478be24,1
02743ec1a31,0
5bc5e6e1527,1
7aaf2020ba5,1
4fcb4e3ca99,1
643b9821b72,1
031146fcd61,1
db85a776f33,1
4746e315da1,1
8b8fb635520,0
1e4dfffe90d,1
43cd4f1e808,1
82227607028,0
61fab62892f,0
e90d7f36fa3,1
f82bcb95a7f,1
ad0385a35f2,1
9a37d64052c,0
d4aedc3bd7e,1
8f9e7b94f2f,1
0246f274273,1
90a1859092d,1
8cacdcc0408,0
27084ebf6ec,0
491a1d4d02e,1
1fbd552a3e7,1
83fcbe07ca7,1
79df136e7fd,1
c327527b101,1
678d50c4dcc,0
eb5ebb929f0,1
cf80bee6cf1,1
a300c56f0c9,0
5a403c1ada8,1
fa40b83883d,0
aa989c2bb2c,1
3e4e76e1f6a,1
44528f28f2c,0
e420213eac6,1
117f3f1f881,0
d0829dfacbe,1
ef89e0d9098,0
5a9df674e0b,1
a31792e47a1,1
22607ff94ff,1
6124c0e0eab,1
b2fe55d60df,0
f36e3392f77,0
5d3239a0720,1
9f1eb6a438e,0
ede7053f3d6,1
08bb221eadf,0
25e9b4aaa78,1
20a94394df2,1
c3f398f6182,1
f5b159c6d5a,1
6324ed89916,0
8f98e0eeb85,0
0e32546b9cc,1
d3d6a9c6da4,0
50734b43c35,1
41e4045da8a,1
68381f24449,1
b4ef74db89b,1
6d72b0f73b0,1
75c11de2e05,1
9dedf970753,1
99aa30d1e7a,1
ead8dee7c0e,0
068a99cd4ee,1
b03fad2cfc1,0
28cf7b8939a,1
5490562866a,1
3006b45781c,1
a483b1a0991,0
6fda5214898,1
ecd86c8e48b,1
1ac57215606,1
06f609684b3,0
8e9972e55f0,1
538944f0e30,1
f7cb574e053,1
8048d79c23d,1
947b1e11e62,1
9d278f577a4,0
d28e943fb24,1
f6818dffaab,0
499506a06d7,1
2158693fb27,1
16efc975c4b,1
1d3d900ce8e,1
353bf2585ec,0
2e7acfc874a,1
e851e277b41,0
1e79b954024,1
c7f512dfaa9,1
337bc823eb7,1
bb8b907020f,1
236a78f637e,1
e6651cab6e4,1
c42cae6ff8f,1
a3a0977c9b1,1
d3adc30b042,1
1a13a2fba54,0
0b94885f70b,1
14958a1205f,0
0c1f6213d36,0
322e0875200,1
7abcb665d15,1
602fd1f69ab,1
fc5d07d2841,0
1019d7fd3be,1
0ec3122583f,0
49957451b5a,1
65ea0f5dc97,0
029c2300511,1
0671ff67247,0
5f4e62e84d4,1
ff18374874e,1
9d8fad2b00f,0
398bce0d102,0
d2cb96719c7,0
d0576050531,1
13eea98676d,0
f4bf2191d6d,1
c7123433af6,1
f5fe1066fd7,1
f2476ad07c2,1
ff380e36ace,1
69664c128af,0
588d737ca11,1
988a35aa97b,0
8eb70487661,1
a755b405fb5,1
7c407742d24,1
2f80a0c26f4,0
b446fd50638,1
ec9fa007d04,0
720b567bbec,1
d9efb801420,0
f4afc70f7ac,0
ca63550a692,1
31cf3c8a729,1
6faa5f22b33,1
3c00ddb0313,1
e504c978836,0
c23589c7b13,1
ebd3baa56e7,0
5957830dec6,1
622b2ef8082,1
936894c3806,0
1db7d1ed3ba,1
8fad83742a5,0
53b39ba63c7,1
7b796fb4455,0
cde03f572f6,1
9d95a3985ce,0
9d5af1452d3,1
f8ff85aff5d,0
d93c7447f58,1
db7867b0e1a,0
2b2a06da5b1,1
042555b285a,1
38365308984,1
e524bbc25a9,1
1604ef7b30b,1
326019cd4ea,1
458897bc9bb,1
0e08184c353,0
7134b8195ab,1
fe376de4619,1
6ab0ca42d71,1
057a3b8ee15,1
b913c0e8c20,1
631967e7404,1
33986f4cc95,1
073f177bad0,0
81ff0608152,1
5572eaa4828,1
1251bd04e55,1
6897ccab0ca,0
e48745ea5f7,1
cce4f8b6ca2,1
aec73d52355,1
864a972ae6e,1
1f200d39143,1
83b2ae07590,0
d6a23384c66,1
7cf31a179c3,1
9e20e760e55,0
cbec3e26f02,1
ba9365aa531,1
f9acb4175d1,1
a0a2df16765,1
fc07acce681,1
e95f8a04690,1
a3ee5b2b687,1
f39a82972ce,0
3752ebd1eff,1
2a715b8d142,1
b9331ac6aa4,1
c194aa99527,0
4800fcea134,0
a01ba0efabf,0
1db1c24aed1,0
b3a4b4c8710,1
70b0bec4073,1
dc9a1dfee4e,1
ac815b6a10c,0
d8fbb971fbd,1
78177b3287c,0
6f04eb71861,0
fdff5f65dae,1
9b8f2146e44,1
797da775619,1
0b9f64b1c46,1
a2b538afb40,1
fa09265c263,1
749493c4a46,0
b15fa4b6260,1
bac93acb5ef,1
928cf60f974,1
82e789ce24c,1
2cecf71cd9f,1
63f141585f3,1
5d566676e57,0
cc682756af0,1
06bcb1fd9c7,1
a286985553f,0
3ee61fe12da,0
b4461c0b9f8,1
b91abdc0eef,0
7db8d54b957,0
9b87734603c,0
ffef6140940,1
5cc819c9d4c,0
59c38f046e6,1
55ba2c0dfcb,1
395fffffbb9,0
d6f60a4855a,0
2816fba0f99,1
b90bd29129c,1
817c1611c9c,0
550c78ab929,1
6c071ae8bd8,1
e25e5fbc51e,1
dc371395918,1
6195e872972,1
5f30f103d12,1
e28623b0406,1
c7687a3d217,0
eea65e352b2,0
524b2619afc,1
bdad07b4ac5,1
2b57219ffb7,0
0d8574b0acb,0
9108067b2b1,0
e6d5f6925a6,0
702275143d4,0
27dbc3878c8,1
f9e632b9688,0
03be8fda183,1
4e7e0becfe2,1
ebb728ad852,1
648c4084dfd,1
8976d7e6bd4,0
3eed7782656,1
62e0d8af828,1
a9a13425974,1
d3e4b9643dd,1
56175517ed5,1
84f3e0e7a1e,1
0c4f6d5eec9,1
0fc1fb02e5d,1
9f5ca37ac2e,1
2f0bc3aba35,1
7772b0397aa,1
b5e71b9034a,0
7d44c49bb5a,0
43976df7b6d,1
cbe412b33b1,1
572485f9c77,1
41ecf8cb93f,0
1abe72675ce,0
7354fb104ca,1
1671188d278,1
fc1cd3ba97d,0
f78f3752161,1
4494deae5a3,1
ee381b82f40,0
9931bbe94da,1
4f69d5e78d6,1
453d63bbde0,0
ba836a6ef61,1
fd36e26fb33,0
072cb95cb43,1
d82eb1da200,1
176e0f6f131,0
d1d0d242f04,1
8206e6777b2,0
0196dc09ae9,1
ef9b7d50dfb,0
65005973e47,0
dae53c91627,0
164406a0829,0
c75ee79ddf4,0
0191c796d27,1
db2b3b18a7e,1
e9b5368428a,1
c6db1468e5e,0
fcf6f060412,0
619d7ad144f,1
b076cd05e0f,1
eedb4eb9898,0
64f509cec2b,1
ba69952a357,1
99866e07875,1
eaac4877eeb,0
9ed73b1c03c,0
9c91b753252,1
797ec50c9d2,1
6b2052d6d53,0
11a6f2a20d6,1
8121630ac27,0
c780eff9079,0
3315f988b18,0
4450799fece,0
21550b5db5f,1
9246ddd1a04,1
aa0898462f9,1
b76641398eb,1
62b687c6686,1
bfc116f1ea0,1
bc39b093818,1
605faa19ccc,1
7c6405ca8a8,1
1ff37fb164e,1
4e76e69b339,1
86f9d15c1db,1
06703547022,0
eddb594fb70,0
c486cd3b09d,1
9e339572419,0
2252e84ea7f,1
8940a75cf2a,1
8f5c86d8fbd,0
52100239b13,1
140dbaa1406,1
68ca35f3646,1
0143403ec4d,0
c94fb1154c3,0
275f2d85480,0
e2599c3baaa,0
0eb224a4037,0
abab9727620,1
3e5b46ad85a,1
c0e272b6081,1
948a9f0edd7,1
f24414d5a94,0
43c83b96c3a,1
0e58c63101f,0
37fab2c51e6,0
e654c1b679c,1
3b4e2e2de8a,1
e75a4ef36b0,1
8ddd76bf29f,1
79227c9e51c,1
6f803141377,0
949811000dc,0
eead37bb333,1
77b3d907148,1
88d081c30d8,0
1acd27c24f1,0
3d9298a1f27,1
63d6fd6aa29,1
8e8b76bfa2b,1
0760a3efebf,0
92868a8469b,1
15a47582632,0
9aad92a329a,1
9ad5263608f,1
37fb39505ff,0
552859fea69,1
0966ea7d137,1
1170633005c,0
a99d1eb3799,1
454bfe9d09c,0
664f8852240,1
94906502dd7,0
7ab7dd8135f,0
9b774e09db7,0
6d00a83388f,0
847f233e50f,1
8d0f7c8b465,0
a171b66d62c,0
4a85742d126,1
7c7a34affce,1
b7a5d55f7dd,1
6926b872e65,1
c51e714b5f9,1
9ee9712190d,1
f3b116559b1,0
bea48abff78,1
d697e65f26c,0
08d4bc9b760,1
871b480aab9,1
1aba9fffbce,1
bc87cfcf8d7,1
9014debf36b,0
310dea502ca,1
10aa9496ebf,1
d1176116848,0
d2bde27d0c6,0
8cc05fd0536,1
a5dee67f1cf,1
986bfe9b9d5,1
b64592c942f,0
2f1de65cd29,1
1d09c2c0899,0
c5f15e03194,1
7709b028343,0
235fdf0e9b2,0
065ef9c72bc,1
e3dd439db71,0
c0b5dd28a8f,1
82f1c4bb869,1
031824cd982,1
6093fbbc89f,1
93363711bdb,1
206287386cd,1
b1607d084a4,1
070ca33ebaa,1
5794557b3a7,1
5c8abdd4aa0,0
3b3351673fd,1
11102bfa4df,1
a7812cc6b2a,1
910b83e71e7,1
90791d12dae,0
8d3344fb866,1
6a6d6a8dc11,1
25df205d4db,0
6dfdc7f45df,1
233df68da08,1
28795170976,0
6d845660577,0
f07c894cd88,1
3041ab57f4f,0
166e3feff34,1
0a7c01c94aa,0
3ec7b7b4146,1
2c067afc5c4,0
8bcb04d03f7,0
17727ae4fcd,0
28e7d39f5cd,0
3cf4c3827d9,1
71b9392e7c2,1
7bb753b77e4,1
6939bd5c9e0,1
965025b0d89,1
d223e27b5fd,0
fa52a123fd7,0
3b66c511300,0
e0fe3011761,1
dfbca2a6b64,0
770bd6d987a,1
dd7c6187f96,1
b8a4f9e8ad2,1
3e3070ce94f,0
9d04701bd8f,1
0b68d53811e,0
aaeb3ffd3e2,1
58d3c318174,1
060151f8411,0
d48b7cc9a61,1
bf799fe61ac,1
cb9b0b28e7c,1
4d5d6940511,1
a9bc65e5dd7,0
708010c35f9,1
d31948ce62c,1
34ba6eacf14,1
8ca20b37b6a,1
cfd2c9e0ca2,1
23eacb4fe73,1
cc1b2239d1a,1
3f9ea425382,1
489d3bad8b5,1
915a750dbd5,1
d00c2d03000,0
1cef90c9697,1
152da48fefb,1
ee20c160901,1
d14430078a2,1
e73f47f2f62,1
245b0a9b408,0
11e6aa2ef3d,0
0ac23a83e14,1
181a757bad2,0
fa1c0bfcc56,1
ad573b5c3df,1
d81361cb9d9,1
04408b010b5,1
ecd0d1cb327,0
889088a4096,0
c79f77dbfc3,1
359483ea16c,1
daf57a08a4b,1
6f38b918f15,0
9e3dc5145fd,1
61023c3b277,1
856d8f02881,1
9e4cced6538,0
f71564093d7,1
96e36360505,1
9488cb6b586,1
68490105c31,1
7048fbb2069,0
335d0ae0dbd,1
bd65bef8d9a,0
a3c5d582eeb,0
cfba42e3e8e,1
641e60221ae,1
54d3a66eaaf,1
80c35d0f212,1
430de9dae27,1
d247261cb61,1
82a0313baab,1
cd35f41dd4a,1
8c477a013c4,0
267aa00f78e,1
727deb6b920,1
92585fefa06,1
1cc596938d3,0
d8de011e68f,1
04e2627f753,1
3f3f6c7db88,0
7fc8d8b93a0,1
5e713eee762,0
b828cded648,1
1ed99b3337b,0
2896da13738,0
16848a7039d,1
3e225fd2646,1
53aad66d1f7,1
63619211388,0
f857fdf42af,1
aa53c3756c8,1
f64f8803536,1
5e9d8561e34,1
f98ab1b3d3b,1
42d84fd0b3f,1
1e73faf110e,1
5649d913703,0
11ef72e7b50,0
f269eb16db1,0
c9d47e33263,1
2a10409f81c,0
3a4a91ba24c,1
2f5ec843f54,1
540fd35dd15,0
469bdbe1043,1
c8a74119f94,1
ac7f343d60d,0
73d3999733c,0
66cf64857a9,1
c44cfcbf0c8,1
d32b215eaed,0
9e8aa88d0fc,0
1e47fe09986,0
878460f9c0c,0
a673a2204b9,0
955d80b367f,0
ddae7f057d8,0
0dfd98994e5,1
291f4e88d67,0
2388873e41b,0
2f96f5af23c,1
d46ca8bc535,0
7df676415f7,1
7e37bb9893a,0
82f3bec8bbc,1
c93943c3055,0
08535d9b23a,1
4ecd75c398e,0
25857fd0109,1
32328ccd755,1
cc9b39a5a5c,1
919f6b30179,1
58c1aa14968,1
85c8e230f3b,1
b83a4c1d368,1
88e5ee077b3,1
7d6ebca2002,1
31dfc2292fc,0
9bf1ed527be,1
94f0ff7dda1,1
8cae0ead03a,0
c5fa0b0d6fa,0
2a9bc11e5b9,1
d439d3d282d,1
62195728694,0
c34875ee711,1
3ac4b33d237,1
78838d9e07c,1
cbe66714685,1
72a4a87371c,1
f2ad4f1c96b,1
ef5d58bef06,1
f91be4b15cc,1
88ceafc11a5,0
dabdab9dc8d,1
e1d3eb61be6,1
9b34597d9db,0
78021438a28,1
d187b1bca72,1
60c9dadc1e2,0
d631f298123,1
f4240331dd3,1
90d3665b25c,1
78738e823a9,1
134988e6a6e,1
c1d6684fec9,0
20bc9899f14,1
39f86d57187,1
c6e3ea44bb1,1
c51c3d611de,1
e51c6589a49,1
4dbe9e1fce1,1
4531b0cd015,0
cc84b3e4dff,0
9f0b464fc62,1
264559ef1e4,1
05e750b60a4,1
85493714a49,0
192ae0a342a,1
04eb5b6724c,0
821364d2b7b,1
d9941ce5310,0
b89ffa602ae,1
a39228aa198,0
aa785865b89,1
4201a8ccf6b,1
ca7465a4f0f,1
99352c29b5c,1
a0b96c1016c,1
d96e1c7511a,0
46c8ca81271,1
f3840a5401a,1
e9b9355f5db,1
d4bde2cc87b,1
c0c942a7cc7,0
b4dc0d59b4a,0
31a36ea0f3a,1
9c8df43f383,0
502f75410f3,1
12aecd3783b,1
fe26801b7c2,1
25ee693478a,1
ca9af9f773c,1
d2dc1a37b74,1
34da550d6dd,0
a6f3da0b815,0
15e138771ae,1
b317e136411,1
d8fe5ac1f96,0
d5d23246063,0
2caa935a205,0
b10f31487aa,1
5c5aad0d8b0,1
f035f1d1c25,0
02f9cae1254,0
e35ea482bb6,0
969ed4f5030,0
cf877711464,1
992c315a01f,1
aff72d56ced,1
ced5d711dd2,1
2303dbd4c3e,0
72c0c0c77ba,0
1a08deb1a5f,1
9d302c9b49b,0
5072ec50e82,1
131aa66c195,0
f37233e311e,1
8f6be618fcf,1
a75e7f45e12,0
eb413696815,1
27306e89b02,0
00d51d14919,0
2eb4acc2ac8,1
6a97da50dde,0
b3a0687e091,0
30278f2622e,1
5cd087e4402,0
d74aa7efa5d,1
5eab5f48f07,1
3817755bd99,1
b858d6ed8a3,0
ce0fe10100b,1
1dc6730905a,0
73db14862b0,1
b1e61bb88ba,0
00a20bc4111,1
05948b6d9aa,1
5464e7a152d,0
512d7d07610,1
d7581906a2e,1
7c78abb6f6f,0
0034092f048,1
e2cf0f98174,0
6e7ea7719e9,1
2ede647d697,1
bb6bf684b5f,1
36efca5b572,1
8421d398032,1
2801c952cb3,1
4dbd42e5dc9,0
b2396a08f24,1
0ea25a865c3,1
3ab9fd15dfb,1
029709935ba,0
042a97154b0,1
8332c6270ac,1
16a391c28f7,1
8c05fafbcbc,1
10ebb9c59b8,0
971456b29ee,1
258df1b85e9,1
7ad1c7d72c3,0
83a6e8ec6bb,1
3b95df20b19,1
88e8d20ec55,1
25ec891053a,1
6af0cd6e7a1,1
8408ce44a7a,0
d8316420318,1
6ec7df8d671,1
6bdf6cf991c,1
9cd87c23b4f,1
1e0cfc691f2,1
84bd8838616,1
40b8cf5f423,1
60235182572,1
1fc31928b75,0
56a9613b4c9,0
08d37219df6,1
ad1bf470741,1
eda62e16aa5,1
1443cc9979e,1
6d0c2b3804b,0
522abedd5bd,0
0c329a9d19e,0
19615b6b312,1
7ce1afde642,1
558be4d3e1c,1
187f4bcd66b,1
88c71dec8a4,1
c2a6473e4ec,0
a15ee4a78ca,1
8bb4507251c,0
5e6691116f6,0
a193a1ed67e,0
3b1ec7d82f1,1
49482507dbd,0
f4501867051,1
fdbb9dd7624,1
1e9d5bfab02,0
2cae0a30c76,1
4164d89fcc0,0
f2d2cdaa801,0
a036fafbf6f,1
4bae52d1747,1
f7e6a04db48,1
924ae4d277f,1
69f1f46d68a,1
3a2dd87716a,0
e7c9547abf9,1
edfdf5b118d,1
ac8091ce062,0
8f2d7b33187,0
7b1b9300907,1
19fa91ec83f,0
2ab3bbda948,0
b8e860fbcd3,1
24b63e0b89a,1
9e6dcb7141d,0
6bb5dc11ff6,0
961187a65ce,0
fafea66451c,1
f68139bb325,0
0d6703724ff,0
1f3c814602b,1
c42d4797ea9,1
0d8d5fa1fd6,1
32e54328ea6,1
8fd89eb3dbf,1
658cb11d380,1
67fb5962c16,0
8f19229ca37,1
f998eb98e5b,1
be7673affb6,1
3c45d875755,1
1eb09ed9766,1
d57a92b88c5,0
8d8bcc8bda0,0
b71be3c20c2,1
49f35a49156,1
444fd0d833a,1
e949b939a21,0
e60cce68613,1
752169a3545,1
4e5199d0b61,0
bac0a622143,0
acd29ec8817,1
1767da5a44a,1
6cb0e83220e,1
9ec845ebb96,0
4cc7670a40f,1
93aee4d0dec,0
534a635170b,1
ec2eda0feeb,1
35f84f05acd,1
e64c55c4786,0
d9dcdd6e128,1
ac405e5539a,1
cfd600618e3,1
b526da8d6b7,1
2ea67da095b,0
d8fa1b8d55f,0
b7fa733901d,0
6cfb030348e,1
774224a26c7,1
97a46ed62eb,1
242ad84ae64,0
104b9f5eef2,1
f0509a6e3e9,1
63263031e7d,1
8fdb72e5474,0
c82248a5138,1
67b5a33034f,0
54afb68ffef,1
ea990e76bc3,1
f91755b6cb5,1
77afa17c782,0
10976061c2c,0
4c11a6aeafe,1
e4ef649b7eb,0
6c4496a0881,1
24be2485f49,1
23a909da76d,0
cf102e1dee3,1
87096ce0391,0
10d8e016d70,0
dfeaa3f8deb,0
3e608fc6861,1
ce4ad61ea92,1
c909280ee58,1
ffb01eb5a92,1
28c684d0d82,1
555b4a73c7e,0
2f851d83f34,0
61a01a07fe8,1
5f7c4e6ad55,0
7cc028e47eb,0
f29dbc2376f,1
78c09e2a72c,0
17eb7f6bf7b,1
3ee100a5b50,1
64ce3dc085b,1
b761d50841e,1
118f61bfd29,0
aee7d03f31f,1
ce8c05059bd,0
375eff9d10e,0
8525da55c95,1
0d62e5accf4,1
90116b3da70,1
9a6959ebe91,1
f46cd1f906f,0
e726a0fb431,0
1c5ed3adba9,1
eac41e97d4e,1
e171e5e2844,0
6d60f4df9fb,1
2b6b198c8c4,1
ce0cebc441c,0
7bef79962ba,1
79ecade778c,1
3c2512e5d58,1
c14f426645d,0
c2807292e02,1
81e9e52d87b,0
3ff17daedd7,0
1c47a875d02,0
c15ae55cc29,1
b5a22e8740a,1
1ac9bce01df,0
54d164f2781,1
4b42dfbc283,0
ed7c584b1af,0
e96b573f84b,0
491356bb5a2,1
1a6c78eb8a3,1
1f5dffd8626,1
30cd3d77e61,0
4b786d62b96,1
a9146a6acfa,1
e52d2be81d5,0
613f3550a93,0
da2d990e1db,1
c65b6684bbc,0
98f18aef84d,0
0e457fd5f45,0
d0d90ada2d4,1
93785e20bd0,1
fc0f844546b,1
28096320cfd,1
c3a448472ed,0
c108d14c4b8,1
5cdcdbea177,1
c166b49a9d7,1
a8560910868,0
e9adfa3fc6a,1
0f78f92e691,1
6308eefa2d4,1
05c165279a8,0
20b679433a5,1
a7033d33511,0
8e247e0fbf3,0
2e42e1d613c,1
665297bd5b7,1
cfe0b27a796,0
58f051da233,1
d63cd4a42d6,0
267a7a9916a,0
813da681e8a,1
a0e2999f62c,1
179776e7715,1
eae015c5edd,0
879b935bdab,0
9b0e0ff3da2,1
a8f4a40985d,0
916f27014af,1
d27ffa5fb39,0
eb63717b64e,1
109cf6277de,0
e5e61a2ed2c,0
45a876cf4d3,0
dd7a598bffc,0
e0140f31798,1
174e8032144,0
2da3a008bab,0
3a536d39390,1
b44e95c6e74,1
bc890350a5c,1
61da8b51075,1
29524f95cfe,1
b35d07fff94,0
dbef3f56d1b,1
1eac9924632,1
3c2674135af,1
733e18d54b0,1
d7096c46386,1
3ee9863fceb,1
f217bb77bfa,1
00ff4b68b98,0
43ad0f7de40,1
cefa65cc0cf,1
29cae84e18a,1
ccd6e126a6e,0
9273e167117,0
e454be76086,1
bce5fdd283f,1
d63cec324c5,1
a5e8458843f,1
c4b3d80f485,0
53dea1457cb,1
db822661809,1
685237d0fb2,0
f04e358c46a,0
75c2fd20d00,0
3cb30679603,1
319039f0d5b,1
01c91faf46b,1
bf9a9930137,1
f109ebef3b3,1
4f46d0641ff,0
a4c0cd79b14,0
a6a60e5fd16,1
e67e48c2900,1
17723b77d0a,1
162d8f5e327,1
f809a0f316f,1
63aa8e78c73,0
04eaa3c5645,0
89185c60af3,1
1321cd73bb5,1
2876cb40bfc,1
ca0104baa15,1
de796468311,0
305169ac2d7,0
73d59c3c41b,1
2bf85dc7135,1
d54c3f2d184,1
06b3a645602,1
54da2b62756,0
3867ae42553,0
874c016a2b1,1
ff74398685f,0
a4a4fbafdc7,1
9ce63ef39fc,1
6b3983c2d1c,1
2b7cad6a6e4,1
69dc8cab256,1
54a4afe956f,0
0c9a08fb151,1
106782b405a,1
41bb34f077a,1
5f15004f862,0
40d7b261d36,1
108aecdcc21,0
152f91d4e01,1
4915a054a5e,0
39a9257df9e,0
5619f307885,1
c383a58b66b,0
9ab89bed24a,1
4afd2bdbf33,0
9e6c98b4a91,0
14495dfcbfa,0
8c2551b0df4,1
04861d6510d,1
80e8f33ad0c,1
8a2c32fc4b8,1
d8b46be1878,1
f926a45e9eb,1
481a34f64f3,0
ba1ad3c28dc,0
0780d16d1ab,1
67497244eed,1
5d92a65f54c,1
f9bf56b0da2,1
430b84ed8d7,0
03b41f98fce,0
42fee833c1b,1
b6f075c47b6,0
190c3131ec6,1
344cf5d777f,0
3c64e87e798,0
6eaf21d19b6,0
76bbbcfa19b,1
6c08015db37,1
a5924f0f495,0
81776234374,0
8d86a8d2b8f,1
c7c36696d59,0
b67eba5e718,1
c3ad5dd2cb0,1
16958d2d047,0
6dc2fdd5fc8,1
0061b31ddb6,1
653735cb778,1
c710fadb12d,0
25752df7d41,0
c935fdb283e,1
afeae32343c,1
8e192768849,0
4deaee2d185,1
6e5ea7e5519,0
b77c80095a1,1
0b0fc4de704,1
71b8b585ed7,1
e887746c846,0
a93ecf88f44,1
1838007930b,1
e85a1130985,1
1f16997a493,1
1d64888706d,0
6b6b90b4381,1
42edd00c128,0
d9d79ef5d2d,1
39ce16364e0,1
f698e17b170,0
24f1b9c4f64,0
0ea8da81e9f,1
bde0506ae78,0
cadbeb81234,1
17f391097fb,1
b74d5f66e87,1
2270c06bd22,1
04407f6f552,1
138a6daea84,1
be5a6ff0e47,1
7fd471f5e66,1
74ee29076c8,1
cb910a8585b,1
82ba689dad9,1
e2bd0808822,0
725f7ed51fb,0
0e4fff4e0ed,0
e066618a6ea,1
6838bdd64eb,1
ca72046ca3f,0
758c0e4b9ae,0
b8ba5554958,1
120b7a29dba,1
f53d91d25c4,0
ae10cc08a9c,0
829fc2c0aef,1
3618c0bd6d9,0
2dc88830bfb,1
708a2b63d52,1
b9a6fb971ea,1
e48015ac63b,1
30b5efa93d7,0
afb2fa7d692,1
f7d4a915634,0
5db6937ee5c,1
bf986a9b9f4,1
4444082246e,1
51a8f07c2be,1
c2b59e21a54,1
473e0bafdde,1
e6c1c93d1da,1
69600235406,0
8a59adbfd86,1
19df26eec49,0
4e123eae56d,1
910a6b79757,0
d24ded1b333,1
48ae5b8c01b,0
ae7a7719ab0,1
ef24996a452,1
bf1ab7b38b8,1
55ace5cad40,1
d11f1eb4f69,0
0fb877c60cd,0
479f63e05b3,0
3263c7c1884,1
34a98bc5234,0
80f6eeaea56,0
178969fabe0,0
cb0a30b2cd0,1
38dc450a502,0
8958f06c428,1
992dca8bed6,1
69b12a592e0,0
2258f0ad581,1
e1dda43eae6,0
60c34513e1d,1
7275d4c9fef,0
826d8b77035,0
ee31576ebd8,1
cf12a9134c0,1
045df002cba,0
a85cb770a8e,1
845c404c71b,0
a536e84a046,1
c4c70ffee92,1
113ef9e2ed2,1
4d56b4cd38b,1
09abaeb5191,0
60a8e4f6504,1
f2c9ff91467,0
2195d871e86,1
a3e706c659e,1
72a1670fadd,1
ab6fd67ca1e,1
ac844276642,1
8263de0e866,1
e7f909bfe31,1
9c6a531351e,1
128d9a718c6,0
1bdd95f62b8,0
afffb776918,1
26c6b6b293d,0
bd164b12284,1
30d2dc006b4,1
45c7f196537,1
cc727845511,1
02a0761aba4,0
61420d9ee34,1
82dc72f1cb8,1
cd74f2adc10,0
144bb99054b,1
da3d0269da9,0
f86104dc170,0
72cfe70af69,1
f0842626020,0
872d141ac40,1
aa6a8c35d42,0
f9a388b12b9,1
79a9d14e428,0
4cf7b935b92,1
616700f7e0b,1
2f9ab197a30,1
fb9f5d7c6e6,1
24b1a1e49fe,1
b1d12fb81f9,1
cb728e2d948,1
77bb0f03714,0
7617ae4fab8,1
9c15049c2e3,1
106be7f181d,1
a8a25a071a9,1
b5f253851c6,1
05e02e54ea7,0
9c25cc12205,0
0ae4a4808d7,1
65708c45d09,0
f4d1075dfb5,0
303840a5766,1
2fe0adba76c,0
7d6d01ae638,0
b3788dc4085,1
fb77793b9aa,1
3b382c436d9,1
9d909725f12,1
6b20c9bd38a,1
911797fea66,1
eb3dfd67535,1
b6a7ff612db,0
440494e9a07,1
15d42db4dbf,1
4118d469710,0
9ce00b0ec5a,1
709f623fa2e,1
1047aba56ba,1
7b42d64d0cb,0
e1a66e21bc2,1
2111985dba6,0
caed10e90d5,1
5f263f59057,0
3a401fd74c5,1
bff170692ab,1
6a7e97fbdbc,1
ca371f1e339,1
e8222de22b1,1
5f4526d9f36,1
3a77e336951,0
316d19b23ae,1
d76c24bd1dc,1
cb5926c9c53,0
11a6484a337,1
991905416e3,1
f81e46e75c1,1
565f36394da,1
e1605d549e0,1
dc87a1a14f0,1
3047bd04de9,0
2e0dce0ead1,1
5c8ef3dde89,1
4c516b547c9,1
81d44b3aaab,1
b6961b906d8,1
8343bb92fb7,1
c6c76dc2cdf,1
c5a72cec6d7,1
b48d1638859,1
b66b836776d,0
57d7d2913b9,1
56534eedd4f,1
157b4b3981e,0
510ef52c376,0
c8f5107bb4f,1
e7b201fb974,0
d57ffd7afa4,0
75f4ac36fc5,0
a4cf62ff0ba,1
f2d2cdfc668,1
2b8eb114b2d,1
250dbcb2bb7,0
75798b85296,1
08547b8b905,0
d5fc6f83834,0
74182ce78a4,1
63af701afe7,1
0056ebeb113,1
ea265cf0e4f,0
5a34bfcc46b,1
22ec4d59bae,0
24811f98a81,1
414d821a9b9,1
1d74cc2978e,1
e08bdf63512,1
7f261588ffc,1
dcf38c8a203,1
1e39c60a407,1
1ce2d64ca62,1
16f3e1d7556,1
b869c7d6736,1
54cf83a27be,0
ac617dc3f6a,0
b0af39e96b0,0
d7d130ab78b,1
0df0c6fd164,1
2ab1838036b,1
16ff1c8adfe,1
ae763e1c672,0
be81f6dcc50,1
152963119e0,1
fefc91d8423,1
52a4fb03223,1
8b751016a68,1
46cada769ff,1
f5b3b598f1f,1
b20a8f77e7f,1
3392d3cd7c2,0
5cbfd6faf78,0
11f33de2df3,1
a59102c4938,1
b3e60a61605,0
4e8f005c0f8,1
b1f53e843ef,1
8252a076dd4,1
bbb299005cf,1
25e8b2e4b38,0
51c18464714,0
aa567f8dff6,0
70c19180f46,0
e803f724995,1
992733815ae,0
e5f125261df,1
b695ef51d99,0
a98955b650e,1
b9c4b33494a,1
8d936f67f83,0
b5698546fe3,1
7755d694f82,1
22d167870cd,1
8453c9114c8,1
ba154eb8eb7,1
72b11ef4959,0
f649940769f,1
3e2b5794b9c,0
c0fe6400f15,0
e3585f20102,0
be495f9efa5,0
023b4bc7a95,0
3032e620112,1
257b8e1bf0d,1
89989d34eab,1
0e3ce94837b,1
fd573bf4204,0
692593baf30,1
72db1026b6b,1
d56f7638c35,1
59d2083f43f,0
42795a5d0ff,0
0cb33b91f0c,1
821ad10e0d4,1
48e78cda210,1
710fed34c92,1
d5076ab62c0,1
2f4812af633,1
650d102c826,1
2c7afdffd3f,0
b6c72d986cf,0
6aa2a97f2c3,0
da1c589a03b,1
e0edc4413ad,0
f67ae0352ea,1
8c91311d394,1
332bb89583d,1
d2e7a7b4490,1
a80921380b5,0
c91334e45bd,1
59111d4201a,1
48c682baf62,1
12bfbfed553,0
3f46eb6325e,1
79036bc826f,1
d276cc11eae,1
02dbbda344c,1
cb8c8d612ab,1
f7e9e7e9eda,1
0dacde1508e,1
f99e7bf0e0d,1
3eb30b60a50,0
299d00cc77c,1
9ae912e18c8,1
c3a68d5f36e,1
a18d07e52a7,0
ef7e9b6b13c,1
eb12929b8b5,0
10a7b8ef76b,0
25b16333349,1
63d50ddd81d,1
1f4fb9e5396,1
44bc0c3681c,0
1a7c5df557e,1
6eb7a2fe012,1
27582bbdfdd,1
b15af9296a7,1
2e246b3035e,1
7cc0606a3e8,1
bc3b5e88554,0
b02f599638e,0
47593728035,0
3ea98a81648,1
be5e15f430d,0
c2420f6fe02,1
920212d7d96,1
d0cdfde9cff,0
fd589fd3330,0
edcb3a20d97,0
cba503723c8,1
d0598350d76,0
c3030ada73e,0
bce560f4d15,0
678c43c9449,0
bdbb7ec5985,1
6ecc3dee923,1
b0143eb9234,0
d0f892ec223,1
dc6afa76d7c,0
3b3daf62ea2,0
f820e7998df,1
d9a3a9ee9c6,1
7748b6565f6,0
63da6840b5c,0
b5167f4df11,0
8584f45fa68,1
c73c77b3557,1
818df55f579,0
045ac2aef33,1
d674d499246,1
9f4d5e076dc,0
62cdb496df5,1
71198f2d50c,1
8a8303db376,0
e65c4e8236b,1
5010c532b1e,1
27907ea7ad3,0
7a93f7704cc,1
667061a0509,0
e5ccf1ab02a,1
6e752c99a0c,0
8a0e19f7049,0
0fc075a1b37,1
03ccf6da81e,0
b83a04feae3,1
273a36f17a8,1
8863f957aa8,1
3f8e09185f7,1
c1cf55c02ba,1
f9ed022fa0a,1
0cdd46efd24,1
9f2fa8474ce,1
f9376319a8a,0
d33e2666a42,1
3b17e454c8a,1
fa1515bbff1,0
4980be5c88f,1
1a9df7a73c5,0
75db26880ca,1
a35061670f9,1
045a855dcd1,1
145bb3d8537,1
ae97f99fcf7,0
611b7820116,1
7a8ff01fc64,0
0189dfd9c92,0
a36d0a71740,1
74acc4f7267,1
a0d0d5dd1e9,0
fe8da5a740e,1
bcb30268d43,0
c27c61f3433,1
4ae078a6f58,0
946f729fdc2,1
a7acab1cdc0,1
2135c116df9,0
dc77222acda,0
18a62a56496,1
da937521afa,1
0087ffdb8a2,0
fcf100ca1d9,0
2bce4ed8cbf,0
176d96f2979,1
cf643961967,1
ecd29bcf72e,0
a155bc8a0e9,1
5aba9d6ad62,0
8a7f4420d61,1
7355580f140,1
ca19bea5e10,1
7c13d37ea39,1
1bdb6ad3c39,1
7f83a1ad051,1
bed2c9fdb0b,1
72ed166a7b5,1
f036f1792c4,0
cc2c691fc65,0
16f6accfc19,0
a92536377c0,1
082e140e3cd,1
6eff8009b48,1
759801d3185,1
1fd15e05850,0
efd7489a523,0
48954500ced,1
13787c729b3,1
b27e2755041,1
83c7edfc499,1
ea3862a7c1e,1
862cb46a90f,1
a5b744d8b2b,1
9f209b1e3db,1
8d6f6ce732c,0
2a6e5a6a54e,1
de513352bff,1
cab63d5a06e,1
9d8c74d8b91,1
5c89f7c55b3,1
c90d5b17cb8,0
ecc8a01e57f,1
1d80ae6784c,1
4f5430c2b0d,0
db1a61274cb,0
2e0c562b87c,0
6e494cb1737,1
387bf3f6cd7,1
38be38933e5,0
3392baf2511,1
e9276892860,1
af7ac7eb866,1
ae8864f2e33,0
03260c16205,1
3738445f6b8,1
fcf8a9f2ddf,0
454b008e395,1
f8b8d0c469f,0
76afc8a093b,1
2f1a3c1117f,0
db2919f0cad,1
f7c3dfefd6c,1
219dd8dbc99,1
a3a26f39286,0
14657d3373e,1
6bda366d5a2,1
7cb53beeef2,0
b29898c4a7b,0
cf160176afc,1
04aa97c427a,1
6c370e92cc8,0
0af1c6a42c3,0
b1417bc0147,1
d91c109a3fb,1
05c0ee4c60e,0
707165a9ac7,1
75e7943f568,1
7df765d0c93,1
7e37a45601e,0
430c8693e10,1
df86ee68b42,1
121f047542b,1
e5b1e8bcfa1,0
70574598803,1
9428428ad89,1
efa33dcdcdd,1
d8c8fa222ad,1
074cb6b3bb6,1
5e7bd513760,1
452bbad42cb,0
dc8f51d5946,1
f70adbf367b,0
89a3708bfcc,1
33ce728cf18,1
3867854ce94,1
f22425eaff5,1
916ba8db5e7,1
cf558853b1b,0
1d280372927,0
a0b54c1c2f9,1
01bf2615fcc,1
8cba0c4558f,1
129fd0649ea,0
8e0e5457061,1
231530f6f24,1
c88b94268fe,0
1389aecb6bb,1
3286ff1cba9,1
244f8d42040,0
4d8247f096e,0
6c93bf16079,1
2c5e677aeb4,1
a2734244114,1
67aee8ef0da,1
60a5eb1457b,1
09b974c0ea0,1
1de76cf254f,1
d98958de05a,1
0a6ebc0d69a,0
d2c323ce903,0
dae0caeea76,1
caf2743e91f,1
fd4725e15eb,1
5849967a2bc,1
9e4b68eff10,0
d14f1788139,1
fdf4c81ee6c,1
5bcdb5aa791,1
73fa04374cb,1
ba8d8ec966c,0
4a2258794a9,1
c77c0b5b7ef,1
ecca16e4475,1
14c7653efde,1
f60ebcaaa6c,1
00775bf230f,0
e965208a274,1
85c3f59d7e1,1
96ce46a3fd3,1
e6842aedc00,0
80053c9a242,1
a3941d6556a,0
b620a9d9419,1
d9caa602b88,1
118872151d3,1
fd92a7944ad,1
e96ecc8d41d,1
8e76cf12294,0
8462332b970,0
fee496cffee,1
713850de4b4,1
6cfa2bcdcda,0
40da7a04b32,1
6ce5c1135fc,1
8bd1cc5c943,1
f271b8df57f,1
3b0db50a8e7,1
b8fc799fe1e,1
8e531217a7c,0
72ed68614e5,1
7131a6faa14,0
603d95c4685,1
bc9e49d4796,1
a189da84049,0
1875ab29cca,1
a8414221fb7,1
a4e2486b0b4,1
a77b075d561,0
a66e156e0d6,0
90ae2b6ff28,0
3e514554507,1
42b36ef043a,0
c27f6863018,0
65491948a4e,0
4167f47c843,0
75f79b475e2,1
4a36ebf1afc,1
b16dd3c85b5,0
67a708537fa,1
e698aa618ab,1
c75129a3d13,1
b68ce965753,0
2665ad43e70,1
8055dde1550,1
8d1c6948b76,1
f7051165ede,1
a4b38e0e129,1
e55f67d8cbf,0
f5220576c5e,1
1b5ffc3a6fd,0
f4957157abd,0
8c3f430353b,0
3a576977a67,1
565e0b9486d,1
c6f791d6122,0
54eb9372e7f,0
ffbc571bb28,1
aa9adaa254c,1
76ec8c0f61a,1
1d00aa74ec3,1
86040e2f703,1
3e074dac468,0
854954180e1,0
7d7f77bc53b,1
18632c263f8,0
0c17204ea0c,1
1dcb7924dd1,0
b7ed93d1f37,0
17a025fcaf9,1
310098f96c9,0
67dd685bda4,0
aa2bad5b1d7,0
e28c2e64238,0
5e903d2bdb5,1
5bb9a189f82,0
7afa6d4b997,1
a073ffb611c,0
29a44596c95,0
8d7ea23e70e,0
dec15a6190e,1
295f6a44134,1
c6d1f84a26c,0
a520de5a5af,1
d2daeed0775,1
359a2307706,0
98815a25c45,1
883495587b4,0
11ab74095ef,0
55dff560b47,1
281e81b8a16,1
0b300d578b9,1
89ae7358321,1
6dc897d56e4,1
d13b2f21708,1
6d3397509c4,1
194bc865024,1
304f27b04aa,1
9f8a2b054ee,0
9d621045734,0
02f816af436,0
c654befd9a0,1
65977d0c08d,1
5a93586f514,1
27281d08f6b,1
eba3ab07616,1
a4132b6d9d5,0
339e8980bbf,0
0aa4923dce2,1
b4982970a08,1
51840473c00,0
873fe2f29f8,1
e7104aacb20,1
8d6563c8c26,0
0543c7c919d,1
e36e7e294ed,1
5136dc3b6d3,1
104eb6f7aa8,0
dd990bb01a2,1
28048f277b3,1
0f6a62ad7d4,0
9bafe24f60b,1
5814dd30e5b,1
1a4a2d34889,0
1b0ab686597,0
bf2ed605661,0
af14ed8d44e,1
494db8aa632,1
b0ea7339082,0
8612bde4bf3,1
db842b2f734,0
d4fe511eb2a,1
c3f7b14540a,1
3e317a3a1cc,1
4e7829a7b20,1
bcb470395b5,0
f1a375f9d0b,1
9c1f4bba946,0
861ba9b4ebc,1
ad6d6e4fc89,0
6ce0603eda6,1
46bd2060f0c,0
fdb7be8d0f6,0
c3572241243,0
14b106fbd95,1
a68380262fd,1
51d87068edd,1
0ea79692261,1
a4439f18516,0
3ed4f639596,0
e20513423b8,1
3b5acee8b52,1
6827fa7fc3b,0
bf5b2e5a50a,1
dca97274fd2,1
62f29b28805,1
16da80ad1dd,1
8621bfcaedb,1
1caf070f3a4,0
c20c6ce090e,1
5146a1c4f90,0
0953006772d,1
8e181347ea7,0
07493c42e08,0
e0273069439,1
81e83c45f21,1
286e807323a,0
b5d63caf4b9,1
01e0e28f96c,1
a4ea32bd40b,0
5543435f9ae,1
940dc760be0,1
ac91433d06a,0
8d7b0504387,1
5756a985147,1
b6a398a5289,1
b01111efff3,1
e5c9686b4bf,1
03665e4906a,1
94925cd50d8,0
56f1d2b02f9,1
96d0a48c9f5,1
cb3c1d30480,0
93bb0a31e02,1
0b4e26c6f57,1
fb2aa597eb5,1
4749ef32b9c,1
c3fe9548dec,0
1ddfcbcc66b,1
fa793a79901,1
e487c49cd73,0
3e794a4b73e,1
bd37d6e0e88,1
47a1068327e,1
9e7348c9817,0
2bd9161052b,1
4b1081486c6,1
8b49f2d4f80,1
6a0f3bad278,0
f4c9cc6cd46,0
9e63ae1dc8a,1
5189e4ab0a3,1
a6c7dceb064,1
27af923fef6,1
a61e8e79203,1
4437feefd5d,1
36bf169b037,0
8b8cabbfc9d,0
86c5f120521,1
e13e61f6388,0
40464a179ca,0
5b0ffcf6138,1
60c21defea5,1
52db1f2eb10,0
96b18918276,1
a7b68e99dfa,1
6cd4c4cd578,1
22b847db707,1
f94be2205c0,0
e05a87c86f8,1
1b090cdb927,1
1d040ed5e76,0
b2996f66599,1
66912cdd452,1
baa635e17ad,0
9b48d779ae8,0
625c7a2a36c,0
d3dd24d02d5,1
332edbd50fb,1
bc978864b87,0
a4e1979a334,1
33158dc117c,0
abd30433fcb,0
1221d97c749,1
f36c34807bd,0
b79d4c869cb,1
12d904af95b,1
6104cbb4179,0
f4e5277ed4d,0
bf5177c77b0,1
4d7f58570fe,1
87b2d8b3175,1
b24304bad52,1
7e5ca255f39,1
18412a3c2cf,0
899127b4841,1
f09b29ffb2b,1
144975c8e93,1
1ea66503c25,0
81c330e8358,1
1efc8f8bbb9,0
78f8ea42c59,1
17122790a2f,1
3cc7789f083,1
e7a9a132c2a,1
1425893a1e9,0
f56c5bd2fd7,0
f2546754ebd,1
9935ed93302,1
2ab2dcfab50,0
c11308b932c,0
09822547746,0
26dcbc64953,0
cf2a9d2fad3,0
22b59a4672f,1
72039223aa9,1
a33ee414084,1
81e7f018d65,1
100cab7d778,1
6ea07242031,1
964bff050a0,0
3a470f2cd07,1
7c3d0456baf,1
3c89a43b258,1
531b9e186ad,0
aec3b760c6f,0
56ca0721c1f,0
3659bfba2f4,0
da0db812815,1
8c9bfb990cf,0
8bd697a743b,1
1aa6a8b5e18,1
a57b76117d5,1
2688997eb57,0
49aaab59246,0
47c022907ab,1
c2d4c452ccf,0
b47682d1bc9,1
7a9dece4b37,1
403412d0f2a,1
ecc9dda6b87,0
4c8c69f0569,1
ded8f05888e,0
99e3881086d,0
43d1e740870,1
9e89567e38a,0
38e7e8b97d6,0
8cb8c5c8830,0
492cfb67111,1
d6e472b5fdc,0
7e4cb303d98,0
ea9bafa2e94,1
e170db64496,1
63650fab6b0,1
8024d39cdf6,0
7e5aab5ddb0,0
7a39fcbac63,1
4acc6b0e184,1
efd9fb8c42c,1
cf34e6e6da1,1
149a5fe94ac,0
9945e8b887d,1
b9dde0996df,1
1922c56f302,1
3c3cbf59ab8,0
cfae4fc03c9,0
3e633558db7,0
21f67cd1077,0
b2417c9b871,1
5917378a2ce,0
03bca9028f2,1
6af9657f1be,1
13a2f5e870d,1
2b503b0ebce,1
3012333b28b,1
0dc21ce1037,1
b1b33f16863,1
5b611ed5f1f,1
40805ef77ec,1
8d85256332a,1
c501bfa17f3,0
1ddf4ae8729,0
b38fcfce623,1
1a9a4120329,0
ff76572bf03,1
2737909903f,0
4c462d2ec95,1
7edbf2cddf3,1
8a41603afb7,1
117f3ee2be4,1
dcb36034f35,1
f6c13f93619,1
501041e1309,0
d196b9372a2,1
841e7e779af,1
5ffb3100c09,1
c6a24a8066d,1
e6008993cf5,0
05bbcc87dde,1
97654c3745c,1
5b4c2deb864,0
aae0a081cbc,0
e4eaee72329,0
07d772ba8cc,1
d59afa2ffa4,1
2030d0aa45b,1
ee3e3aa176e,0
f9435cba055,1
845bf1c2bde,1
a2b19eee8d4,1
6e3b4c59f3a,0
dd8228e2c13,1
c7dc12e7a12,1
20166e312a7,0
af081a74882,1
01e25d6b13c,1
b863b38a40a,1
357fea1d81e,0
7cc604ab3ca,0
432b6e22261,1
20e5e7bb0b4,1
ebc01214cac,0
752f4a6f771,0
26e05c28cea,1
8c6106b9a3e,0
62df0d9328f,1
9c2b5f27015,0
70a02d8eeea,1
2c5a1f37ac5,1
dbb24549302,1
4b048f17f42,1
3ee28be9f96,1
82ce7b06c0f,1
70bd4eb38d3,1
1d35e4d54b2,1
6ededb10f71,1
f4fe2a3945f,1
8a9780d8a02,0
f612cc21f82,1
620a583649b,1
d1a763f912a,0
f29e76ac7ec,1
a392670547b,1
cd5704790dc,1
bbb3304d073,0
e678187150f,1
9a06a4bf499,1
41150827ef6,1
e1b60baca8a,1
7916ca55cba,1
73318e8bb76,1
0bb4c931453,0
680992ed8b7,1
098eec7a2e6,1
4d5280a1459,0
14dafa45da6,1
427f4d89ab4,0
ccf53cf145b,1
5f63979b687,1
17f97647127,1
6ddda42d051,1
8cc7ead13c5,1
7696f884275,1
ab3cf5cb97c,0
9944d23d542,1
c9b864f8040,1
f8a0ee2b4e4,1
ee35eed9b09,0
6b1f7065a2c,0
b3e44bbb485,1
bbe3c145433,0
f3a469660c7,0
7efa03130af,1
79946a77d0f,0
50c0e569ac3,1
987d4999158,1
08a9ea14e08,1
cf470666ddb,0
3c84f8bdc6e,0
2ccbc643cee,1
66047880bad,1
87e723e607b,1
8f908151641,0
2f69b5613b7,0
24eaea800a0,0
26d0163d5c0,1
a0169629bb0,0
e441f5dafb1,0
a9752755b00,1
e5c6a9bc16b,0
8577cd6fb81,0
366910b6116,1
a74d0b78475,1
0bf012ff0c9,1
4c79152707a,0
2898d88506f,0
bda6fe9af4a,1
c358dea8f0c,1
5e491593ba9,1
0cd5137cc1f,1
5594db8bbd8,1
a5386b576bf,1
6ff10f7b70f,1
1b366a07b53,0
e925337b27f,1
f6f1291f6ec,1
ef436517d04,0
b463e916e6e,1
a98dde0b1e8,0
66af6dd1502,1
03b152b5bfb,0
05d96a8c0d1,1
46035ebb64f,0
d0d893fbc79,0
1e534b57756,0
5237a45c730,1
750b3957637,1
d63e1fbb1d3,0
490ab3d2982,0
829fab7cbaa,1
aa930f73147,0
7eddea6ee1c,1
ac87b1ba18a,0
54db280ae4b,1
0f995ec5713,1
ad5e43fc6ad,1
1b89e397fff,1
6c038d3f298,0
a979d6d36f3,1
526a1612759,0
faed515594d,1
4a9a87c166c,0
fd4c1e5a66f,1
28f4988bc8a,1
d7f2224e927,1
8c8c3dde102,0
55e9f8cf81a,1
3c025b110c2,0
5561d9c2af5,1
fc4e007b09d,0
e8da4e7a0f9,1
a610365901b,1
270faea1ae3,0
5e5dad6bfad,0
d18a981aef8,1
b244b0e2627,1
80851b6e860,0
41f0035b4d7,1
40e11738444,1
5f9461d5e80,1
bd3e2998237,0
9f273377915,1
656e6403c60,1
caf426f38b0,1
be55fdc910a,1
2d573588f14,1
c9eedceb54d,0
65ca934d89a,0
453970e5b4e,1
3325cdd6a44,0
9ecdd76bd29,0
e1337f3faec,1
73d8fb81c8e,0
1f6d8985a13,1
a6ea7ce5d4c,0
02e1f302882,1
24290d40365,1
3ca6205990a,1
c31e5892c8a,0
443d7ae8608,0
7eca3c2fcbf,1
91ad5600eff,1
17244e0097e,0
7bf5cc4e8bf,1
a0a4afdd5ad,1
5027ec2d74a,1
e20aa9cb695,1
943d01076cb,0
6ef35fabb45,1
64dc515c78e,0
33645661d0d,0
616b14df0d9,1
b17353d4a04,1
67a58d05205,1
c6699774ed1,0
989f3d82ba1,0
9a853c9d0ce,1
a9b879013b2,1
4d96020e6dc,1
e5273e6cccd,1
62a89499f21,1
bc0eecca2e2,1
ff707799484,0
2ec18fe1fa1,0
cc02c06cd48,0
2dae8572d7b,1
3542f25da16,0
d507700b837,0
c42294897f0,1
3f91ae7adf6,1
090db84bf84,0
7403c9154f5,0
3844d848664,1
333bf6c2d84,0
5439be44522,0
16cd5030d66,0
f5943a1c891,0
c29a9ee6c6e,1
bd1604177fa,0
94ac94d9687,1
bf40ebd930c,1
7cb41468980,0
b9199e440df,1
2afe78ffbf6,1
266b15ebf67,0
475158c88d5,0
531f086413b,0
55e55f2bae9,0
7e95843f63f,0
e03e01e8a0d,1
3f092cd87a1,1
a4944565be5,1
72ff3e91540,0
f1b1eaca03e,0
1a37cf26473,1
82054f32b5b,1
0c22130c252,1
0031bc3471d,0
1b16094ecc5,1
09c4dd41640,1
9e6299e9050,1
8c7aff91f0b,1
83c6daf8c97,1
30109a80787,0
0fc401ebf06,0
c10badd26bf,0
39b16bce719,1
39fe8f4b5d1,1
d2f04c51620,1
df3c5e0b6a1,1
c2cb4401b71,0
1f267709fbe,1
ba8bcab11c5,0
e909157c9ff,1
dc4be8d98de,1
f92a8e7ae4e,1
0612196715a,0
bb4249a45dd,1
10a3562e74e,1
8addb88b410,1
cd3cf11b8aa,1
b356831a94d,1
7d8c59f02f3,0
4e45f5b1ca4,0
80f2ff5524e,0
a1c355d34a8,1
84398610ed3,0
c24deaf4a61,0
aedcdeaa343,1
e27a8b9e1bd,1
209ffcf6d56,0
1993f1b14dd,1
aefc0e4e9bc,1
26cfdaa610b,1
55c7e520906,1
24fd7ee02d0,0
65f3b8f1931,1
700a8d16030,1
0f7804dc075,1
9701e0747d0,1
aa754cdf6c6,1
980939cc790,1
8d8c6e9164d,0
807e225497f,1
6488c64f061,1
bb22771585f,0
7beeea18f76,0
2f0255ef30f,0
7968d250a36,1
27d0416da66,0
2b6aeb07aaa,0
55b11f63263,1
24f8ce8d619,1
6665448bf4f,1
9a8bb3f8fd9,0
7486d81904e,1
54234abce8d,1
13df0b5f555,0
3e61e14036c,1
2a07f711ef8,0
6a9bf0b3d5d,1
eaa1f7edcba,0
e8cc8bfdb46,1
c4d0eca96c8,1
2ff1e735dfb,1
2843bb1e1ed,1
54d9cea262e,0
f62024b5003,1
96619d57f3c,1
29fbfee5d33,1
0c39ab0cf6e,1
e311afce1e0,1
e7229103069,1
8bb06f01a16,0
4bc3059e9c6,0
51fb86a35d1,0
24288506afc,1
28318e1904f,0
10444755dfc,1
8632d05e488,0
17851ce716e,0
26751ecb4c8,1
9a9461e5f9c,1
02d0c0b5176,0
84d59d14f9b,1
59afdb8da8a,0
7e39643c1f0,1
e4bc5b1dad2,0
c5e6d29ac0e,0
f23a4e0d2d4,1
052e3b40de7,1
d2d519176bc,0
7e593c03e90,1
3b282b91ebd,0
eaddc21def8,0
5d9e5005904,1
8dfb6b9f6cf,0
289217fdc6d,1
5f7ab4693ec,0
75214f5d6fa,0
c1ab7fde696,0
657af6f84c8,1
c637f23d42e,0
bc40e7edc65,0
1f6d54fc835,1
7087b13ca14,0
000981f89ae,1
504c7239490,1
a1816d2c474,0
fb4f7b29cbc,1
4b50db3aaa3,0
4e115284641,0
543dfdafbfc,1
51c697722e4,1
1f05f4e28e3,1
bc8a99ac4cd,0
2deca3cef33,1
53f1c3d4bac,1
d24bdbdcac0,1
e796411ea59,1
8b526b13056,0
fc1de21c3f9,1
35c729f727b,1
0c57a5e0e15,0
0303d5e7458,1
ac13eecbaf7,1
4409be2df7a,1
3fd4eba4147,0
cfabeeb42eb,1
9a7faf764e7,0
365fc49b765,0
6f421f2f056,1
95703b9004f,1
217a0494e9f,0
31e12a926c0,1
c72c3732960,1
085cbe33496,0
938c012d669,1
1b5700821cf,1
c10f0f214a6,1
4ba20485774,1
1e3598acd93,1
bc5b158c116,1
60db9a49d22,0
e8975a804d6,0
e5b7d5ca3fe,0
11b7bff876f,1
d91b631e9ef,0
bd0204fefce,0
869064d5cdd,1
b183520b070,1
c95a7995a59,1
53800a20fa8,1
7d9a8e99908,0
7974c13ebc2,1
f559122ee2c,0
563c013f862,1
38502674c11,1
5e636b85404,0
387bb4b5226,1
13b053a2f6a,1
2360bba4cda,1
e1c7d21019e,1
d2feb8de752,0
8c70f02c653,1
16af1d8acfc,0
30575436677,1
a126283e79e,0
6a6d1ae595a,1
6d3115b3b11,0
d5cde7e2f5b,0
ad212eceeae,1
3e12eb3d0d6,1
477cc579649,1
2bfbe8ee5fd,0
55d12283f49,0
4470eea272e,1
1da91509a44,0
486ba975a72,1
d135966ce8b,1
7a563491f4f,0
f1c1553058d,1
e8f41467bae,1
79027088418,1
83368f6ece5,1
193b3eb6dcd,0
2f3e2399c03,1
f49c7e0cd9f,0
4f14540e5d6,0
c88289c44e9,1
d7c1302d1ba,1
701d9453801,1
d970a1d413c,1
ea09525a4e7,0
da5f3b70588,0
987a673be7c,1
ae133ef8ea7,0
c3be9f08321,1
074c675dd05,1
220143b4d91,1
efe33e44866,0
9859ebbdc91,1
c4900269b60,1
bc19106fdca,1
1463fb1520c,1
378ade05df8,1
88b2ddb17ef,1
1886ab4597d,1
9802e360217,1
baf1973afce,1
595ae14c006,1
82d08a0249b,1
e9868bfd9f4,0
60cc40782f7,1
efe46bfb125,1
dfcc775e573,1
5f107a70ca7,1
3e2629abe6e,0
302d0439cd7,1
3dc3ea17555,1
a6c9c31bc2f,1
bf9a5673bf5,1
45d9afedf56,1
53f0c0c5e24,1
c23f0090142,1
35067104d29,0
21b59986e44,0
23b5b80a362,1
f84223d64fc,1
8f465727fe3,0
1e17460c8f3,1
cad3242f10e,1
a0751776765,0
834d8b91f6b,0
4f0ac5f00fa,1
d18b476c5af,1
9e3cfe9acf1,1
0aea7e59f95,1
1d626d29d5c,1
37b74d8543d,1
e33f6f2016a,0
fb506c44402,1
aee839a4215,1
e404d605c8e,1
6052a44a6a8,1
fa04e0db76a,0
c47361940e7,1
640784e218b,0
6cb83789980,0
70bba43e542,0
bb6034779a7,1
eb9098596d2,1
9f81a51f698,0
f84dc7b0339,0
3c8f5b37208,0
f20dea78be1,1
bc2b7005bac,1
51c43f646bf,1
b5e81920bd8,1
39e1f89ecea,0
ab0a105b9ef,0
b44915098ae,0
25ab4a68397,0
8bc3e48fdf6,1
56ba720aec2,1
18bc882a781,1
78302e0736d,1
ce15cc7c8c5,1
1224cbbf5f6,1
085f42eaec2,1
e4d4a223d38,1
5f51496ccf8,1
a46c71d5485,1
3e4eba73798,0
0214974ef31,1
544b4d40589,0
7163fb302e0,0
f4e31ea4ae1,0
3ef4ab2a4f0,1
fdda92fa4d5,1
f9d0a66eb40,1
c79df4c9672,1
20338a281c5,0
5d761c32f4a,0
313802a8199,1
a248befbc61,1
4adf7b8588c,1
f544f104da2,1
4b8cb489b8b,1
38731b87623,0
7071ffe0084,0
fa8ca0bcb12,0
055d31c8ea3,0
e5d8d1c87e3,1
29d60f81da4,1
9710550ca03,1
29efc202faf,1
bca89c99ae6,1
841e2cd81a4,0
9a23c5824f9,1
9d26657e51a,1
d8697162008,1
1dac7c05fb7,0
faca6c6979c,1
aff239905d4,0
fe59596ec9a,1
e0cc003ceee,0
a618dad3fb8,0
f446aec1ffe,1
e4432823db5,0
c8fcf206071,0
cfe479dfd97,0
177b4241136,1
57fa92f0dd8,1
2515de0b81a,0
c115315f4f0,1
b5f3087fc8a,0
45362128ac0,0
ee29fe35fc3,0
1ca5d5aba33,1
d80acd1860a,1
1a6a8c89ca8,0
391e38063eb,0
fddd2e29b6e,1
f3894470091,0
1da093d5212,1
a4d0ad133e3,1
58508632073,1
c6a38cb6695,1
2c1a92b7591,1
8f7ebb12bce,1
9551dc6e0b0,1
375b88a3238,0
365e12ab654,1
156e57c7f66,1
0d9362c9602,0
8b65d87bb19,1
1aebe48ac6a,1
9ef4254bd96,1
633bb8cc44a,1
add3c8617c0,1
7acdcfc4efa,1
16499520cd2,1
555bebe9ef0,0
f360b5dff32,1
b24a00257ef,1
bc7e0e1a6bb,1
bc877560cb1,1
339e4aadb77,0
236f224dcf1,0
798e1f23abf,1
e5831ce0ab5,1
c78c336f95b,1
9f1620cb270,1
785e475b22c,0
16553e2e7b1,1
2e4bb4ebee6,1
78ebf91abd5,0
fa850b3e51b,0
76666bd1cd3,0
bc12939aacf,0
b74e0a57352,1
ab9392d7c02,1
eba160e1ed9,1
e3d8070db9e,1
16178130d18,0
5ad9abb143e,0
3a16f234751,1
d00fe4f7956,0
700dbd91a70,1
a0157b70f16,1
9dbef3dda36,0
16300ae1589,1
071252cb3cf,1
15e26d1d633,1
f47a195e8f1,1
286238542b0,0
6d2daece57f,0
bc1c432fec6,1
39b98438757,0
4bd0b7bfcc9,0
ddbcfeb8c21,0
0a2da357532,0
6a29be22606,0
33ffe24ba2a,1
2197e5085f7,1
531f541c6cd,0
da79739a8b8,0
0e8f41a689d,0
43eddb1db6b,1
1b0e0385919,1
eafe4040f54,0
b9a9d0f0a0a,0
b1a20cd934d,0
444b0c3a63e,1
d079d2e7c20,1
6a6f58708b4,1
48fc696c99e,0
8c9aff25ab1,1
0889d3347b3,1
0e515966948,0
35b7a7325e9,0
54bc816e2b1,1
c0f9b20bbe8,1
5596e24aec8,1
f99aa8aa6ac,1
a4c1580afd3,0
15dacd58380,1
6172fcdb456,0
8ee47656b88,0
482591e84f2,1
ea8e823a34a,0
64a53f0232a,1
c5907006fda,0
7b2e640d378,1
3c016fd3855,0
3102fcbf307,1
a9311bcc6d2,1
7e1f743f3ab,1
333eae51173,1
18d30ec7761,0
bdbbff808ff,1
5e7e21413d3,0
efe158b841f,1
e709ca921d9,1
dd6c3d8e46b,0
21a37d4ca82,0
34977609610,0
11bc67d044f,0
225c3debadb,1
e7844032024,0
ebf579dd35f,1
b83676750e4,1
a1ad8a433a7,1
0a317275e86,1
bccd602fcc1,0
049140caac3,1
c891fc14363,1
ddb602ea2fb,1
54d1a5dc630,1
ed9330b11a7,1
870250aeb5b,1
9f35c5ac606,0
7fbdc049c1b,1
2bcce8fc689,1
5714d3c95f6,0
fcd295b36db,1
0e108671152,0
f8378faab7a,0
58a16227b4f,0
47f55a4b98b,0
cb8a21ccf7f,1
38b3ec38cc8,1
615a861cde1,1
5d11dcf08d6,0
0defb0f35c4,0
16bb092bd89,0
3b15e200644,1
f5b9a9ad778,1
58be375e2b1,1
02005e2e5f1,0
fffd3a9c26e,1
27377565919,0
a752add2b67,1
09e0227fce7,0
93647e40e4e,1
e1f5dcc4463,1
2aeb25f8a5a,0
0eab631fe84,0
709e8ccc1f5,1
1e188dd030d,1
b2e6dc0e208,1
0f20960e946,1
d8c857d212e,0
b86d216a583,0
b558c7abad4,1
6903e09e1a4,1
c7e89cb68ec,1
95f4a478df1,0
c719661230c,1
dd877bc65e4,1
121047891be,1
dd7a965f77e,1
f1299d75f61,1
4f67190afe3,1
eccf1d8d41a,1
0b4bb9d3479,0
a696877654a,0
c68ee448de8,0
71a0247c9df,1
3fd06503362,1
dac0429914d,1
49cd8be3af3,1
9f9138e1172,1
27d62d4e403,0
720b1823b69,1
ce4342ecbe1,1
d3b39dcce86,1
1fae97eee66,1
529abf03589,1
0de078d49ba,1
d19d7b77a86,0
5e1099e4e15,1
8bf5ce2a21a,1
ee6e9d143de,0
44360370283,1
b270cade28d,1
66bde14b15e,0
6c0b69ffb0e,1
3a0d4818c81,1
d65ef449fb8,1
f2ad76f6ed5,1
930885dfec2,1
bb97d122dd7,1
dddbd09595f,1
ffe851b85b2,0
02e0fdcb3ec,0
c140729e070,1
0f401888e42,0
a711484ce50,1
763014baae2,1
6bca2a405ce,1
0afc764c46b,1
0cc683252d4,0
43d9e9c9dc2,1
0795c65f3b2,1
97888415515,1
5b267577c4d,1
1c478c4d908,0
8f663c24e90,1
301fac9b9dd,1
d68da6c382a,1
58b40c20739,1
017d224751b,1
8a033f7a06d,0
fc6a27ef952,0
f6a92ea6f65,1
695ba271484,0
23432b6aa2f,0
1abff450e27,1
f5991b0acc7,1
4534c633b01,0
dc07236ddb4,1
e10f3b841af,1
8c9c7be320e,1
780f27e13d9,0
750c64823ba,1
dde64248d2a,1
8ce4c59ec89,1
442f3830469,1
65592a4e01a,1
a97c090882f,1
3e558f9261d,1
eaa30fdb6f2,1
4c89a38c387,0
519488686a9,1
3c72356c0b0,1
a9393573898,1
bbf8954c722,1
73fa4a1596b,1
ff09782a75d,1
c1eb3110027,1
81387ab5365,1
2a07a7c7d8a,0
49566606970,0
71661d5aa31,0
614b0ba5887,1
cf6e2361f89,1
8720204be8f,0
50868c9d1fe,0
95b07f41e11,1
210ba97f3fd,1
431f4f499ef,1
d832694f987,0
99f60316d64,0
3ada5084d16,0
7f11abc5f06,1
9834053e6a3,0
62e1052c039,1
ce50e2943d1,1
1171160f44d,1
9846c23260a,1
e4da73dbe08,1
70beabf0264,1
74153714fcf,1
8f0167ccc0c,1
e858e279e81,1
2f30d9ceec0,1
6f879d2c7e6,1
7a688411f14,1
8b53b4ce5e1,1
3931d0fc650,0
f0aec8b117a,0
fb4b5027cd9,0
77f1e34e0e9,0
a081492ef8d,0
acf91d4be7b,1
5af995e76f5,0
650fb34d82e,0
4be4f236481,0
01c81cb54c5,1
f443fa0d741,1
4a43de30187,1
a88d39d686f,1
89ba35342a5,1
d2b0b99b3b9,1
7f2f3cc9d96,1
4a41c30f770,0
393aab5af08,1
6ce0e6c44cc,1
c62b730396a,1
cb3b81578ab,0
d98dc207498,1
d71998c1812,1
53346039c00,1
bc25b13cfbc,0
07753c058c9,1
3f13ea5f6cd,0
25bd36f7201,0
5fa04aab632,1
0d837df8c77,1
a3028bfcabd,1
cbb592d76e5,0
665dde2a5aa,1
4581002cd39,0
7d3bf88b2a3,1
fab2cbe9243,0
6aab251c458,0
d83068912ab,0
a77bec9dc61,0
8db75cc463c,0
ef12782ba56,1
8210c2df6f2,1
7e8f583677f,0
4d7a4af68de,1
88c0da2e06d,1
982b2c8d367,1
e722c1a7e40,1
a3f8a628203,1
993156e6422,1
df78f70e1a5,0
94b49d4f508,1
cae5272290b,1
c62db197532,1
aace3427bc2,1
ac4ed0020f5,0
52d410eda9d,0
774c07c5344,1
c9e8c228a11,1
bb39a284581,0
74c033107ae,0
2cc6c773421,1
3e7fcd22193,1
6bbadbe6693,0
e1ab3379995,1
026e9ce1baa,1
5dfe0585e70,0
6094c07cb31,1
8583b379ef4,1
66bfa96023c,0
c0d405332bd,1
124899bb48a,0
7cd15ffc35b,0
3d5e3f00f70,1
940f67c1745,0
a87916c34db,0
e2b37521fd2,1
6e08d111b02,0
134e9926605,1
8d3a169c59a,1
faeb4a1ae6f,1
c623d182893,0
62fceebc33f,0
57f9b7cc8d0,1
7bfae136384,0
3ca239f5129,0
a39c9f1f9c4,1
e9938170be0,1
db5bf55f48e,1
4e65af1168e,0
5477149362d,0
6bd40bc7ab6,1
4d539100bf7,1
2a15c827315,1
ef1b3715e97,0
a5063d32082,1
0d8f5de7233,1
ad178478b1c,0
d46251d18d3,1
fce48f758b3,1
cc09f1bd95b,1
9489ec8b6eb,1
e576df624a2,0
616bdb2c3f6,1
89d9dc5f40b,1
15ddf87d4c8,1
9bce6f34620,0
5569d28bec6,1
072b868d029,1
5cb5f8578b6,0
7367c893519,0
a349001abdb,1
ecd5b3388bd,0
a327ee28a0c,1
7cdd09b8de4,0
c14516a21dd,1
c7c74443b54,1
863905e10c1,0
74c3abd950e,0
a9580185a1f,1
b0a270d0f9a,0
11a0f608ee1,0
60544f4ffae,1
d7d2db542eb,1
0b9f6975b11,1
1035df8b5bb,1
4938e00af9b,0
5d38969df16,0
4293d4361a0,0
6c6b75c9244,1
dfb3cb0d7c9,1
ee1fa9b87f2,0
f1e7c8848d5,1
d6033cd703f,0
96dd7a61684,0
3973c09b48e,0
414709d9925,1
c2112a6490f,1
4be462f986e,1
e752d360d4c,0
ab960df512e,1
e1620e55ad4,1
e96cd56c9f4,0
be1400fda74,0
542147e2419,1
4d5965098d9,1
0483067ec59,1
fc8ffe287ef,1
d08087c93fb,0
c8e6b4f19c9,0
08c922f93f2,1
43aa1c8596c,0
43c894ee0d2,1
dea513b0ff7,1
48ee855e841,1
6445f736777,1
5d177c85367,1
25f3eb53ec7,1
17b17a604b8,1
f49bd64e068,0
7a217a31a9d,1
527b632d87b,0
491fcdf184d,1
46ee7cc1724,1
df355a134b9,1
ed5f33c0814,0
8bfdcb3d3ce,1
a7f3ed46e38,1
db227c6d505,1
45df3fbdbfd,1
5a080aea671,0
f1154fc3d83,1
5c335281d90,1
3d349620b90,1
c6d82ffa5ca,1
2e5d7ab8628,1
bd705326aa7,1
8ebc8d9eaa0,1
913712998bf,0
bf4978a819b,1
da26222c604,0
9eed173e356,1
7f256a80b69,1
2cc7059639d,1
8189db860db,0
e9486857e79,0
4e378cfdf60,0
f77934012eb,1
89dd238bdd0,1
e7fcf053430,0
bbb46984985,0
2840efe471b,0
ccad74699cd,1
acab4a8518f,1
86108a64ebe,1
804b470c2a5,1
778e73c9011,1
22c1fceb539,0
435903fcb32,0
712205a5fcd,0
582b25f831b,1
82e163a0569,1
52b4acb1f9b,1
965a89410ef,1
c4ab5efa2ce,1
47b1cfdb509,0
ba54f84128d,0
c819f759983,0
b744637d453,1
f25a6ad9cee,1
9c5b91b230c,1
971ff393239,0
9957285b1f5,0
3d6ea10875a,1
3698c54792b,0
234702f0922,1
97a79f08d46,0
14fdc0b82f3,1
63c1f67e186,1
fff2a0be09e,0
6ed6bdfb772,0
6e417457963,0
9ccb6cb951d,0
fa189d2e4be,0
937092ad2e4,1
e3527f43e4a,1
9874f90419e,1
37718154d25,1
85299be848c,1
aed93fe1201,0
f94e545988f,1
d87bd3869cc,1
0eadc64d4f5,1
5a454a239d2,1
29860f63c1a,0
9ec52b21a1d,1
8891d4641a0,1
57ef930ea90,1
203899543e2,1
c2ce07647fe,0
ea4558a290a,0
3c73c92d404,0
9ecbcef053d,1
8b7d6bcc844,0
96b4cfd555c,0
85ac86ed2ec,0
7634dcfacec,0
094f5c99af9,0
06791f902dc,0
62a5d416204,1
7c68961b654,1
c751fe524a0,0
d35968e8861,1
143b2bd485d,1
e11aa303dcf,1
2669eeff4f9,1
20d84a1599e,1
760da1a4fb7,1
b9a76a1018b,0
c6f05280cc0,0
8cd5f6fda52,0
3f465f9fb3c,1
3e1e7be761a,1
32ccc748fbf,1
e8297a7ec17,1
7b6408bc84e,1
dd2d53fa905,1
e48d6b25aa7,0
604252ab262,1
4f12474e0ee,0
ff4f7c4186a,0
0fa13266a12,1
0bf3257d7d1,0
c77b3f40ffa,1
20094862d62,1
91f5aaf6510,1
2875c2c4d8d,1
5f24d9251f3,1
b66c5f72220,1
5ee4e595391,0
85143509892,0
23b01ba619d,1
f19e15697c7,0
c7e0254ba0e,1
91a697c33ff,1
bee344795ca,1
befc01b6381,1
91e10e59fff,0
94984d772a4,1
e61a0aa2187,1
ec2ca4f1646,1
38f2dd95aee,0
24b9aa26feb,1
7d385d7512c,1
38d06700d3a,1
dc1f949ca07,0
6f1c4f3a5c8,0
e3ca7465cec,1
a12810e98e7,1
57dd20835a0,1
194a131f026,1
ba48323b0c2,1
5ec21ac01ad,0
b5740df6064,0
a7e092d9c7a,1
1c84f2d7ea0,1
8a309010636,1
aad7dc1e536,0
8bb33e6b306,0
8c703f37ddd,1
323f811e762,0
b173cad05c7,1
9589be57aca,1
00caba41140,1
ceb3efc1bde,1
ba51eeac1b5,1
bf07c11e962,0
2213784d390,0
2f9537c5b23,0
68ceabe0987,1
0610c16f306,0
e69ec661574,1
d8e328e2b48,1
1a987e272ff,0
a301b856db4,0
15ae5af0b80,0
9f4c3a35e96,1
b67e801bb2c,1
9414c5f5c0d,1
9860c2e2de5,1
85df8952f32,1
c41b13d457f,1
a9676fb5c66,1
f7241e7e4f6,1
ced248d9862,1
e88c1bc14b6,0
6344f74e5d6,1
7a8e1a21f9a,0
390815fb017,1
50c61fbe564,0
e4be7acbc3c,0
3ec977085af,0
35c24e04266,0
6282308faa0,1
e2f098c7119,1
8436e762754,1
dce01116076,1
c75a420efe1,1
47545cc9398,0
130f0c3b20b,1
2c90270ff9d,1
356c896cef6,1
baffd2551d3,0
7e53d1bde0a,0
49352fed820,0
bef80bbfe6d,1
6f9528fe8a1,1
51f950ec813,1
867d8c3e3b5,1
dbf207a3fee,1
88abea01b54,0
3ec2755a936,0
55090335919,1
c3d079082fc,0
dadebe3264e,1
7a898edf10d,1
fc607e4cdd2,0
3c3f4df5a70,0
2ed386d8cbb,1
6010bce5eed,0
9ba578d37b3,1
1218ae7d36c,0
f4c658e08df,0
950fc2490d5,1
82815dd4fb9,0
411872d6b00,1
8f50aa7c63d,1
24899d0447a,1
fd008f98c4e,1
e91caef7998,1
24d1dffb81d,1
fc2e5fdbb34,1
35523e2b911,0
ee5ca57f477,0
ed201aae938,0
9156c3b5416,0
d1907e3bfb1,1
f61c28961bd,1
2915fa40a69,0
01317d1b52d,0
28cb0e1a200,1
79b6b28c1bc,1
8f8e3b3b35f,1
4fe89c8740f,1
6cc78acb075,0
4b26612109f,0
6137808f794,0
c15f99441b6,1
cbeb6fe0840,1
ff56af447eb,1
673b317c901,0
323e7eca501,0
913199e6618,1
c7bd5cb5f56,1
2f82b5b8c4e,1
33a26b2576f,1
334e93bfd44,1
971a65f6a14,1
28e8124d787,1
d895075c732,1
4c5e694ac25,1
0f9e801f24d,0
80e8b4a3dbf,1
8e8ca89ac76,0
43ee553ea90,1
cf3c2b3c650,1
91e8b5a0241,1
b029f47189a,1
e5c886339ff,0
e1f9cd19a8c,0
4d1d91b308b,1
12e1b731c13,0
4782c30eab9,0
aa008edc0a3,0
563c922e06d,0
fdbd1f35cca,0
d6250bfed98,0
b48f7cbf2fe,1
ef6863383f7,1
a0e62545be4,0
05ce10b1fae,1
a8f74c06c46,0
1f6defd35a8,0
0f3bfb810fd,1
df68ff8dfcd,1
d832b78e153,1
1279c23a16b,0
dd17f92a937,1
0830e514649,1
8d080594b5f,0
4daf5607ac4,0
309113ddea0,0
40719f383a9,1
d4b90c76896,0
27e37cd8c93,0
f8eda898bfd,0
66e674616d5,0
458068ae48d,1
e152e4bf3f7,1
640db030f8b,1
06fb3e5238b,1
b4e727003a2,0
38a8014eb71,1
a69b0c08753,1
31dbe8a3f1a,0
1ee5ba37108,0
412c30e7fc0,1
04ff67edeca,0
a2fe5c94625,1
0a357285677,1
a895cc41853,1
98b2d4e6060,1
603e6095609,0
d2097c3607b,1
f9e6c5faee8,0
d3eed97c7f4,1
2559be7f7b2,0
e627e41aace,1
6d046ada92a,1
984e9e9a563,1
48fee25394c,1
550f6dbf429,1
bfeb74bbec3,0
11b40c7d45b,0
a4212e46255,1
5a2444a5c0b,1
a8332fef17d,1
4d84b52972f,1
7f67894dd87,1
7f87213cc43,0
7b6ac8964aa,0
0759a6e003a,0
0b1227866ff,1
6fb13668380,1
fdc9255ca5f,1
cbba5cc7491,1
ddf112671af,0
36b37e22150,0
727ea61f691,1
c963522f805,1
9701dd5ee7a,0
ee663a657d3,0
137aca32e5c,0
31c7374c1bf,0
f2d8376c75f,0
3c7ed6af8f8,0
5b9ae4fd414,1
5ffa9e03838,1
954e0b6792a,0
d771e3da555,0
66219675e5b,0
b6e2782d657,0
24dde3f4a3c,0
d47824c3742,0
30348b6bf3f,0
921eceeabfa,1
918e97305d9,1
a7e4a3d3873,0
ef084bd9dee,1
189692b7a2f,1
601ec874e51,0
6a38f487f2e,0
ea1a10df7c1,1
4a8a36ac5e0,0
546566d5aa4,1
3dd423891d0,0
6b953bba249,1
423d039a2e1,0
20d25ad8572,1
f3aad453fbc,0
deda6c03f4b,1
23f4bc1bb05,0
8a0c3dfba9e,1
871bee2496f,1
1321fb2a3d0,0
0a2e5e779da,1
fd98b87ce90,0
984db055ee0,1
06d6cd5a270,1
4221bc877d2,1
7838e95293d,1
893b78e6fa3,0
d2052eaebc9,0
f23e7bd72dd,1
5396c67abb6,1
6c41235722e,0
72b700028a3,0
7d0b072764e,1
ce466c97dc9,0
9213d0f0acc,0
99c0cb5be28,1
52487ecb216,1
84d05a27abc,0
c9bda34cbcd,1
e0204b61afb,0
77b110544cb,0
ad4e22aace1,0
f2d0e43248b,1
65a944e1ec5,0
345ab43df1a,1
9f207b76f1e,1
06261437f8e,0
477989531dc,1
9f257d97c28,1
c8ba61d11a7,0
b3fcc768e8c,1
a00d018fd2b,1
60ba1a23014,0
26588ff3569,1
fc992ec6f2d,1
29439344e60,0
831894d0098,1
0428308872d,1
e253cc658a5,0
c5040f89faa,1
89ff8dff708,1
15d2eac4b4a,1
698a9cfb911,1
5152badc24f,0
a8f76b89e60,0
f6136de53f1,0
8c50a358e51,1
b5e57870547,1
e728432ea2c,0
4cd57273d6f,1
aab2dbf4d27,0
6275ebf0350,0
0c6625053ff,1
3d5de8db0d2,1
14570118d37,1
d7ab7f47dbf,1
119f88e8aa8,0
bbc6522dba2,0
716bc16899c,0
43e7005f74a,1
94443485079,1
b343dd88b04,1
090e26f6303,1
9f76ba5c4ec,1
289bdac122e,0
238f3c927c5,0
b78f1be26c3,1
cab4228797a,1
5f27a79205d,0
cb32b0b38d0,1
d85346b7481,0
3d5d3c4483a,1
e1d71e5d572,0
739eaeeffde,0
86203fc6490,1
9d578d9bc92,1
dcbfc3f6e56,1
1f984d358eb,1
e49593cfc1d,1
c2a57b68ddb,1
f993e172d2d,1
e2f818c5350,1
9e7426c2ffa,0
1ef8ae67b8e,1
c614ab9e103,0
7d30cdfa307,1
ff55cd78645,0
cd8252c07cf,1
9f603949a54,0
a2f96091a7e,1
5cd38ed3f0b,1
aaef203ebbc,1
41bd49f7970,1
6aa82d13941,0
ab34dba0d17,1
7e2a3b40adf,1
ab80f173ebf,0
775b74b6e91,1
81a47a3112a,0
2d43be6bbc9,0
5f97e819fe5,1
13bc6e8c8aa,0
811c89fa7e1,1
5f01b6b998b,1
1dba323916a,1
7dbe56677ca,0
6c438ef8769,0
f511bc74f83,1
5c3e1694de1,0
f2a60499130,0
4082bbf6595,1
f57c2dc22b4,1
bd337823a78,0
ec893acfa0f,1
5101fc74c65,1
b99e5561434,1
ccf8b09057b,1
b0b0503fa41,1
076fb0fe8b1,1
e174dcf873d,1
f2e91554fdc,0
e7ddfc17b0c,1
5dac2366fe1,1
2422eaa4537,0
582ea08e506,1
9da1ce0c4ab,1
c9f72944a8a,0
f5e06dbc995,0
9221d3ef27e,0
6fc9b4aff82,1
f04f511c887,0
1702e92adaa,1
4e0cfc71c4d,0
652024f5338,0
dccb9b077d4,1
7c483c47cf5,1
0bab3f8f307,1
871bba8bb8c,0
d9522329f07,1
c1d3d9562b5,0
43a60d700b2,0
c9539eff641,1
c3444e8d924,1
444f30103bb,1
e478f076372,1
2c0bec56036,1
351934fb057,0
9446a07ca2c,1
edfee39c4b2,1
15dacce2750,0
eac38bd54bd,0
9d17233e9c3,1
4b6caf32896,1
f3c20052af1,1
12526554ca2,0
53a7b33b98a,0
f67e1c63ebc,1
5ba042ac8a2,1
8f504c492f1,1
4fdaf30dd86,1
f4e6236da9c,0
a73c15514cc,0
6b50f0c3d79,1
2943b7bbe86,1
19e8a832ecb,1
3617fb051d2,1
15f36266373,1
4045369a1e8,1
717e33a028f,1
d28cf205e30,1
b1827bf81ba,1
3b54adb1b57,1
81b85224993,0
39cbde4cc0c,0
4dc3dca2fdd,0
f18ea80615f,0
140c5937fa2,0
3412d58e9ad,0
c0f0f163fcc,1
8fd76cb5845,0
2e93b01e0a8,1
f6fc7c62ace,1
95c66352dca,0
d365815d49e,0
82f77330c81,1
a52102f4780,1
3833e9cb930,0
929dabe41ba,1
3e074b45fc2,1
a7bc65c5065,1
0b4aead477f,1
09772d20eda,0
f2b459ca88b,1
03fe8deac1c,1
4f66ffa7dbb,1
acdc7c8f349,1
5a4af10b97c,1
73c970ae57b,1
b183d0a86a1,1
bba54d3f541,1
326875c1aac,1
60b562b133a,1
a03fddeb2fc,1
484a6994e1e,1
d01b86a8aaf,0
b85648b8b84,1
dee9fe9b7c0,0
1bac84292aa,1
06da8d174c6,0
ca3437154b3,1
ab7008bb772,1
f5121de2146,1
a1ec8d7586f,0
f947ba077f6,0
00de4bd0aca,0
6f82f3fa11c,0
82d1431f5ec,1
02fd8294178,1
ba92aa44bce,1
0a56b3a7e4e,1
cd19cc1066d,1
08789468a05,1
29d89d964eb,0
efe0a85061c,1
ed830f3a7f0,1
dc6b1e870fa,0
219039fde4a,1
9491fa86a28,0
bc43f4dc811,1
b4f975a43ff,0
eb5d27b8b52,0
9df0165c46f,0
bb74be96029,0
d8c7cffcfbc,0
85eaf0dfa5a,1
fc21a57dca5,0
6b67e6a9486,0
051cf69f0d9,1
e2ca83385c2,0
e32d755a073,1
610ab52aab5,0
9217e396112,1
4a52bb5a851,0
afdd22312c4,1
487d5af6289,0
80486a4c801,0
45e91d691d9,1
ff6c388ce1c,1
1544755e986,1
3ac71d9f60f,1
62eaa84b852,1
7cd6d1ed181,0
8e5994b08c1,0
1fe669749ef,0
7bffdbd2556,1
5591b5169e6,1
7db9611609c,0
1da0f26cf91,1
bb6b6688ec5,1
d06985662ad,1
8e8ad37377f,1
2b0fa0a8dbb,1
f74f2844c57,0
81f00eff5e2,1
1d56dcdd354,1
e6afa994cad,0
51d82266b88,1
a52b9e3d80a,0
bd3229e83a0,1
2f4f86d2902,0
9feb9597c18,1
dc01cf76911,0
78b3c55cc0a,1
a63d5bd242c,0
6121d273a90,0
996f0f53580,0
be25ee89420,0
64f3842a212,0
971f870c77f,0
63a06316543,1
86dcbcea22a,0
ecd6ddbca45,1
f354d50914b,0
996e0bbd7f6,1
55e4d6bad01,1
b8a33554ea7,0
bdbb42895f0,1
fa7b0b90945,1
bbdc673b38c,0
ad47453b587,1
13f4e8897e7,1
3a2de34d685,0
1c022c852cc,1
f4c1a189a71,1
05acf617386,1
234881915dc,1
c51c10967e4,1
a039837d626,1
fc89863fb13,0
2540d3c1306,0
06af6817686,0
26b63954c03,1
b7b40971260,0
793e74f0d76,1
b6c5e5e2649,0
02c50d00133,0
aa4338db379,1
7c0c8f665a3,1
07505f044b7,1
c61fa45d1e3,0
ef3d132da94,1
bc685182e70,1
d25cf6f529f,1
2f633c320f2,0
b6a4b381f40,0
f0c61c93a5d,0
fce6bca52a0,1
9aa4af310bd,1
a947f8d990b,0
33255e9c1a4,1
8eab53ca771,1
fd1c7a7b33b,0
7df16aed788,1
29fbcc9feb1,1
64de06474a0,1
c5ed1a4952b,1
7e71c969e9f,1
8f999d69740,1
d4329f94194,0
5ac7d3a31c9,1
64f19e55b6d,0
fd53cf39a6a,0
6f824d23f8f,1
90635253fab,0
5da3be116d6,1
6e77aa4e94f,0
aca9d352ce0,1
d016b46669d,1
b56004bf4a8,1
6ccf05c926c,1
3a93d5301b2,0
a48840e8dd4,0
b7adc32529e,0
088dd2d40ed,1
1afff67b41b,1
7bcab1c0312,1
41b4665b7e2,1
a95346cc2de,0
7c59a05e027,0
e79d0d4e347,1
0adc92cca5c,1
2f8c70bfcc4,0
29059e36b52,1
5db8fb069c3,1
0d1f15db62b,1
4f3b969a6bc,0
915675bf53e,1
008eafdf6b5,0
97059ad06f7,0
882632a3c01,0
70fca601f12,1
f1f2d2dc45e,1
0829ef0dbf0,0
4b19b817e34,1
dbbd3180a08,1
625d99b3db5,0
f3b1e678677,1
c142fd30cd7,0
c01b3050611,1
f4cc29114f6,1
e77f06e87cd,1
c8a4c837cff,0
3191fb377f9,1
c0a0ddd62f3,0
395d7aaca1c,0
0425ab66ad4,0
cc5bc299ee9,1
37b046e36bf,0
33f83a42797,1
7ec26981fb0,1
8ba3c2a0004,1
3c3a1d0d2f6,0
0132c51c139,0
8b1e45b0a44,1
38c09eae46a,1
9992c1c873b,0
37b2153ef2b,0
ba85d554bd4,0
5436fb60c68,1
fb96d4dae46,0
d3888167a03,1
3d56cc0fd8c,1
964c19b799b,1
ccaba6662b8,1
97dfab88f1f,0
17dc98ca806,0
725bf169ad0,0
c81c9c0a8e3,1
31ce3a21ce6,1
81214651461,1
7fcd8a12fed,1
39f54479110,1
eb807a8f01b,0
2349721358c,0
7bad1e8e47e,0
3d92d9dbd7e,1
8ee258dbbfd,0
dd1cec035d2,1
679d00d4492,0
983d91709c0,0
4ed671e00f5,0
45b5e8644de,1
29f0dc4c38a,0
2581a0c6842,1
e35bef7b9af,0
263ab306346,1
fe16d91694b,0
981453a6ebe,1
fe18e4cece5,1
0259aeffa72,1
d39224d664c,0
db6aa8c5f3c,0
7e7bcc08744,0
1ef64f7beca,1
6b5a28bc5c2,1
e16e5307b60,1
e9581375523,0
feed49fe748,1
c72baa621c8,1
4ddd26e14e4,0
fdfa073f8a2,0
75bb2dd4e7e,1
273c162abe3,1
5bcc7d67eed,0
d3158a5d026,1
4e1f9ca0c36,0
a9e5a1008b1,0
e99b63c467e,1
0ebce333a16,1
04d89261291,1
4b1b4be7729,0
a27b7d3c078,0
d970e633713,0
f715d72dda5,1
a82aaee1406,1
9910f3f459a,1
7cec0ddb295,1
8faa1fa445e,1
e4b4f27958e,1
fc3b6b81121,0
afedb1c097f,1
c5d47472d3e,1
613732753ac,0
6c0392cc590,0
c52b807e9fc,1
2a78166c826,1
8d8b90e29f2,0
a05c11004c2,0
9458bdd6ebd,0
393d9b37c05,1
ded46536f01,1
d921ec404cf,0
fed386bbec3,1
69edbbc7655,1
b4426cdc63c,1
1c4846ad597,1
54c9ece306b,1
f3e7ecae9a4,0
a0d4bb12fd7,1
13baaf2fce3,1
0c6132f2f4f,1
fec04ca3086,1
fac853fa045,0
cea80263d10,1
0fa2e264709,0
22c2789f194,1
85541e91b60,1
dc9029878c9,0
179a24ee38b,0
ae26780f2f1,0
cda2e3cba15,0
07925859127,0
c327ff561ef,0
c0839661bbd,0
963ae9c9353,0
db852e693a8,1
4356fffd35d,1
177a480f1b3,1
4840d80fc0f,1
0a49369ffa3,0
872ee41dd77,0
bfce53ed01e,1
254c30eab41,0
6da02b82399,0
634037863c8,1
8cd4e71f462,0
9397cd986af,1
7b87f0b7ef3,1
b53d7723eaf,1
7859377030d,1
63230e0d180,1
5283646f0f2,1
dd02f3e766a,1
d2bcf030220,1
4f95888b71c,0
39c406e4a0a,1
0e0e4d57e18,1
57659dbe053,1
34f6817a755,1
9b7fe6fc3b7,1
227841b3202,0
ca36fd3ede9,1
3e44f718b15,0
0a0f050f329,1
c2dd8888ea8,0
17cbe90a84b,1
19c2bbe23d4,0
76b2e1493b7,1
05ff51f7cd8,0
ef89f2e609f,0
94c79170315,0
22680b8e8c4,1
c0140f4af85,0
4f433229eaa,1
40dc592a0a5,1
ed3a99cad24,1
648febf0797,0
6411f27dccb,1
80b7b018dba,0
40b97b37714,1
d03ca239060,0
e6637fef5b2,1
2ace1006b14,0
60d0c135f9c,1
63ed73231c4,0
79f6fea9988,1
971c78f1af9,1
bb6e112a764,1
fa7f72cdbe2,1
3cc50789714,1
61b4d8749c7,1
79c939f4c97,1
b755bbd09b3,1
fd4ed494637,0
3361d24830f,1
9c2f9e11544,0
5131ea960e6,0
f1affe81c46,1
0b3ee0b120e,0
287b43a607f,0
572e3e6a608,1
80399493f91,1
1c7f504ac62,0
4b33cef1a62,0
f8ab7179f7f,0
f5100ad3477,0
931df973014,1
f5b2f95b75d,0
25bdfc99a05,0
61005568444,0
e15c5a644cc,1
85b6ff559ea,1
dc40ed845db,1
4b81633e97b,0
9c538648add,1
94dafee0485,0
f63a46f2119,1
7ceb34b4df2,1
df4ae16f24d,1
d9b7d2641aa,1
6e7ee2b3988,1
17e1e1bb756,1
4a7875503db,1
fd5d69f2d51,1
d3403b62ebb,1
9250fe98e40,0
95c8e804354,1
3e2e6a7aa6b,1
13dc6c70172,0
23cdde349da,1
c37ee5bffb4,0
bb44b1613a8,1
130c0afa4fe,0
355aca60f64,1
e28c7e06581,1
3d3cf0912c3,0
e9d8557d57d,0
7df65e5594d,1
e3bb2d5727e,1
87921808195,1
4a6d75bc8c1,1
9b9710027c5,1
cdf5179cb0d,1
c6a6d2ecd9d,0
dda0a646dc5,1
63a52ef28b6,1
8aa47606f96,0
b415eb4655d,1
25e0d30441e,0
f946df1350b,1
8691b55bbb9,0
7d7e30d8a6d,1
a6cacfbf684,1
1a6ec81be26,0
c9b43eb6838,1
c305b3be103,1
00d94bceb46,1
8a9451bc43e,0
60b1ba43fff,0
137a4452ffe,0
539696d08fc,1
fc58ed29184,0
87720583204,1
ea90eac93ae,0
55e597c0466,1
d3d2fc9f525,1
626cdc9949a,1
d809c1c435c,1
3effba4fea5,0
b21a7800eda,1
41bf3e925ac,1
a7b0762d3d1,0
7685daf5f77,1
7ed0f407609,0
cb82a4c2646,0
4f63edbd668,0
17c896ad385,1
f9af8e4dd2e,0
8f022cc10bb,0
9cb65262c2c,1
bbc2c83debd,1
14f3e4b799f,1
e9f35d25538,1
b3e9e21df56,0
006a4372603,0
ac6d2dfb957,0
607d321c710,0
bd4322d5916,0
e6fc799eb97,0
dc58a8a87cc,1
3cd67b8ed56,1
f73887cbd26,1
c1a04526a36,0
75f4e1f9095,1
14f32147f0f,1
0e2f73fb163,1
cab643a7b1c,1
3e79fcd98a4,1
b439793240f,1
9192a780272,1
c5e35d47152,0
d4a7df9660b,1
443e3b8a897,1
2aa4eb54084,0
fe2a46bf87c,1
f48a0c4f3c6,0
8fcd808d887,0
e40432e50ee,1
91438becf82,0
d80713d21e7,1
8a14ae3aff9,1
c16eef37e4b,0
0df6010f5ff,0
fe87fdd1f84,0
51da579a3f9,1
1e37483f9c2,1
26d5a808e73,1
736f6231d52,1
27c054f27f9,1
85ae9491c25,1
d21889f8d63,1
6a8d834e61e,1
1ab696ec3ea,1
5954413c341,1
3e635c461ef,1
82e319efa75,1
912326dfe69,1
065c95b123b,0
17645ebcb52,0
32871d32c63,0
066c6568833,0
f288e2d9368,0
cbddcb6ed75,1
dd6489ccb3a,1
8dc5a6c6857,0
0728158545e,1
e1bf118158c,1
c672f25e28d,0
305b92e0389,0
759bb428b94,1
762289cddea,1
1fa384ac1a6,0
91f0b59dda6,1
21102e7ad80,1
a802e9d8100,1
eb80cea9eb5,1
4622df15d7d,1
93e8d60d68f,0
4c869eabbc5,1
0de7650f03a,1
e0dd746332d,1
0e3e1ca5afb,1
07c99d16972,1
044d8722f84,1
36db8ceefcb,1
e50e9355430,1
3c269fb20b7,1
eae70101d4c,0
ff36ffb1f5e,1
b9871bd476b,1
228fa983676,1
0144ffffcd9,0
9c9654a5440,0
3b245413ac9,1
2d716633a11,0
5f59fc09c43,0
abc3e757c12,1
08eba9d3058,1
7f70265c94d,1
1dd424b1bc8,1
20a66ed8377,1
a6d45d8116d,0
f10b272d6a0,1
2b6a7665be6,0
6ab98deb2b7,1
47fb80e8f9a,1
d3c6d508f19,0
fbf28c0573d,1
a8b559a7234,1
10a7c9cd25a,1
ef30a26fff5,1
4689a9bd735,0
18bd4eff40d,1
54e8e802f0f,1
71df790f431,1
e8126f68d17,0
01a7ea29507,1
d54a50184d5,0
1edfb641dfc,0
0073b67d129,1
5e64a1761fd,1
36d5bb36597,0
3e74fb51359,0
595e97699bc,1
8247a19023c,0
ddd7cc23a59,1
6eed16c3346,1
bf88e545e3f,1
46457e9d62e,0
e1312283a06,1
af628be96a7,1
97ee0e82f9e,1
c3a741d1353,0
02a694bfb04,0
385daaf86dc,1
af8e09667b9,1
8198a0d28c4,1
477526fb2a1,1
65080de935f,0
9414502b154,1
03e8e675f3c,0
39e74b2ba86,1
d5b31de14b1,1
6856e77e4fe,0
623e81dfee9,0
acd35224653,1
dccb72b2403,1
c49297b5a92,1
9753203108c,0
1263e006d9d,1
f627abdfefa,1
93f70e64384,0
9bbec742b29,1
5eed722ea29,0
729cad62953,0
e7df82e2433,1
8e69fa60058,0
c6e13efe097,1
151127f2af2,1
0a7340581fe,0
d5595a4edd8,1
fdaa86b46e9,0
41d0f87a6a6,0
c5be9a96c8d,1
2df67889d2f,0
373f1c52bae,1
b3c9a8b1b8a,0
6eb79e82aa1,1
6e052e7639f,1
97ffd25e6fe,0
0eba49cb2be,1
2a5ec0fc2c5,1
930b6fdd9a2,1
69afe52701d,1
0d466ffef49,0
001234cb6ba,1
5d044cc83bd,1
fb64d8a3315,1
f2b9a63e638,1
536124dd218,1
ab2d8fd2e94,1
f4e8a86c37d,1
3fe03f34db2,1
a5bd87d242d,0
c19fcaf97a8,1
8148db6e164,1
26be8898ae6,1
b89a0d2bf6c,1
20168d35c39,0
9845fc74481,0
5e73da7bb6e,1
e6881aa177c,0
c315d1972d0,1
40e7f42af20,1
4b43c94236e,1
0555f011685,1
9264d6e8830,1
748861776c6,0
749f9ed6b08,0
2edcbc67e22,1
9b1be12063b,0
fbe042572ba,0
df00b8f7496,0
a237f28f6ab,0
b54dbc14518,0
61d3b453069,1
c5270580643,0
f1c3da16eba,1
88ea27e23a3,1
51041414c02,1
f6133eb2d81,1
36ca5eb1476,1
b253cff52a4,1
66402b4b152,1
503fe89512e,1
35ada138ff2,0
0ba7c0bbe9c,0
927e8f029d0,1
91726019094,1
25c517c4d62,1
cbed18e037e,1
6e695e77e56,1
3131e94780c,0
1dd990041b6,1
3dc38c51d5d,0
40d56f0802f,0
d94cb9eca6f,1
e4d51a7d0a4,0
d0f84fc47bc,1
f6620c3d83b,1
d48d8f04e7e,1
12504c75b6e,0
14a1b83953d,0
1ce9d557357,0
cf107a434b9,0
44232990c76,0
865694195be,1
85619cb5e15,1
c1228599f83,1
c342e15ef4d,1
919c6db21f8,1
63754a3999c,1
87b41a0dce5,1
2a36bd1c5c4,1
c3387c87f99,1
4596cc3b525,0
87af74ba4da,0
9d34b0d4ed0,1
ec6c6b3ebe6,0
801da86ebf0,1
2bdd77bd4f0,0
3c2daf9afbc,0
74ee070941e,0
935ee0260e4,1
71649c58fc9,1
9f9628cf9d7,0
4dae619eb9e,1
bac8721d37b,0
25f969a544e,1
aaa6d285002,0
e95d5e406ec,1
785a7df9ab1,1
2aa99c7a3e3,0
74c85e8891f,1
0a9c9e3da10,1
4feee254cea,1
42849a94322,1
33f63bde20e,1
9fa4823afa2,0
37d048ff4de,1
58581e85298,1
80f74c505b5,1
9f845b37b24,0
2e33f0557a3,1
d264bdf7337,0
b8b27ec98ef,1
ff3500b9e48,1
36dce25868f,1
1cb7cf5e9af,0
a9cde06be58,1
2ac35c72bfd,1
0a11e622e9e,1
db8e21a3072,0
5d23db6a23e,1
f38bbd3377e,0
06b5e082067,1
2ba3635f138,1
25fb6c0b74f,1
03135e8fdf5,1
982f7deab32,1
4760952e428,1
9624118d9ee,1
cda8a34463f,1
a57400da834,1
c79f180546b,1
016b90e00c1,0
fd2ae02d6bc,1
fb7ee2d9bcd,1
2307c67fc75,1
e7dba65d684,1
6f31a2b00fe,1
2f7ce06f7f6,0
4faf4dadf87,0
d619dba4917,1
aa0e83dc8e2,1
e8a9e42e638,0
685ef741eba,0
e7a4ce84726,0
b134e464ef3,1
d863a6c4f33,1
b05d7293ff2,0
d9445140ca0,1
a32ca7eb3b7,1
6470c8ef1fd,1
3c3ebc46d29,1
aff5ea335f4,1
57f646d0513,0
aba805feb50,0
4250f8f2d4c,0
910c4dca513,1
e7a3db2be89,0
9f45ac0ae72,0
16a27079016,0
57a3fa04b6b,0
590a73eb9b8,1
4ee8bc28b9b,0
473dd3efa2c,1
215e274ec8c,1
5a19e9a220f,1
e7366d673b0,1
ea10b14a4bd,0
02ebaeae6cd,1
523faad5bbf,0
0020c532c63,0
1f4a4ffd784,0
fa94cfbf1da,1
2dc2d17d16c,1
25c160ddd2b,1
9de4ed8dcb4,0
ce30ff220b0,1
275fa6f7d89,0
2a39ea4c509,1
108ee813b82,1
01b87773df4,1
9d0ad41f90c,1
88f57130055,1
ad3e6ac2d5a,1
9de6c3abc45,1
a6216a43126,1
edb083013a3,1
5ad9c171c31,0
1279655e2d0,1
6d3fa37b809,1
b5c2f44c35a,1
35b3f216cd8,1
6739368af65,1
3bf6865397f,1
e4a669a29bc,1
ec8906bc6c3,1
a1d1189548d,0
c7648f3d74e,0
aca65f0d634,1
6b4856bc0b6,0
789e79271fc,1
635e783eac5,0
ea560816b07,0
2454a2353b5,0
ca2e81f2109,1
799861ec4a4,1
98894aeca76,0
02002e9ff17,0
f662a6cfb69,0
21b499b26f7,0
45f8dd18f81,1
85be9a84627,1
46f3d436f2b,0
fd356cf95f8,1
3cd965ed354,1
30c020785e9,0
13a45cb4372,1
5df9369819d,1
8f024156d24,0
8989cabdcc4,1
bb91edf8fa4,1
403a1bd042f,1
d2ffc5bd96b,0
4c24fc19db0,0
acd31a04635,0
39d8f555cf6,0
6afb13f8edc,0
5d9eb447818,1
db5c99627ab,1
755392adcd1,1
4d6decb60d4,1
d53d6251915,1
e5a56168237,1
fbf5b4b1614,1
332a4ce78c0,1
a1ffcc5c867,1
33a1dfaa2f3,0
4dda04f74f3,0
8d6676c9c2c,1
b654baa0da1,1
b20da19caeb,0
9d73283ab12,1
3dfe3b9517e,1
1c9c41633bd,1
b00bf56fc35,1
bd92c93034f,1
7eab6478ebc,1
316c3ccaad3,0
d8311459960,1
54fa3c561c6,1
777a8f314db,1
a5869261095,0
4ed2a0814b2,1
a7f81a1cf32,1
4c342f8d356,0
e9617f5f5ab,0
547ce89367b,0
883fceafd5b,0
42f8c478fe5,0
36be57e72db,0
f02f2f145ec,1
4c4dbe7e48b,0
a078cb18711,1
13af0859667,1
fa93c3840e7,1
bd60db86773,0
5ffc6ad1232,1
dd2d62dcb8c,0
74e5f6272e2,1
3ee8b24651f,0
21f6facb3ca,1
109a7cc3766,0
41959b71806,1
0f03d7cf211,1
b0ec23d616b,1
1bdf6bccd2e,1
4796e990144,0
2e7eb8ba05c,1
375f05d92a4,1
134c945c0f0,1
802bbd1cc9d,1
23f9442a292,1
7c781fab935,1
3f8ffa98132,0
b0e768c0fba,0
f126a9ccdf3,0
d9c7862fbf7,1
b03c67c557e,1
96b046ae07f,1
808937baf50,1
49be9840e90,1
782cd21d00b,1
65970eca65c,1
6a08957f87b,1
de1756aba81,1
1e4f7d994d7,1
ab2bfd1023e,0
ae38d8717b5,0
bd8d3303456,1
0dc1ec1bfbd,1
8f80fa6f07f,0
7a0fde70042,0
fbaf6c1a557,1
8a876579659,0
4d76850fbc8,0
7fc3dd3e352,1
a91a41bedfc,1
faed6343ba4,0
253db731d52,1
346b5516a83,1
727ef56890f,1
dc59018072a,1
c7beac1360d,0
84346fd9955,1
0d899eb2993,1
28ebd8eaed9,0
6a0299b2f23,0
cb54cae0694,1
29898a5d307,0
9f06be8216f,1
b8ccf622872,0
226f7104ff6,1
c3855d61485,0
ab07ac7dd46,1
06194f6c4ef,0
4388e26f8e9,1
c4c1661ee0b,1
eec79f598f8,1
e74460bbe8e,1
8218440b8ad,0
3321acb729f,0
84133e594db,1
7ee864b4374,0
142c0749f43,1
c15ff06542b,0
d6d304ecefa,1
59187f15e47,0
25a4b71436c,1
ec5d057235b,1
be549e7316e,0
d82d1be9ab2,1
d0284e2361f,1
11246fd1077,1
3ab2ef31570,1
e11ff6a1e1a,0
e52b0835825,1
0d540df5f79,0
52833184210,1
3980eba7108,0
f765a10c216,0
55f304d7d8b,1
61afeadbc4c,1
f06ac0ca5fa,1
06aabce4fee,0
f07e1c6c972,1
9d48631e93b,0
8a2e7a91341,1
c525d0215a3,0
57b5dd1242e,1
4f2d66af03f,0
0893bb1f0c4,0
bae34339f13,1
3032a752d31,1
936fa7fd8f2,1
aa71c0cb576,1
ad45854c9f8,0
ae6ae611665,0
4d5506ad1aa,1
10c46f1f772,1
b8a9ed3ed1b,0
7850b25ff76,1
be1fa6ee170,0
08ce7d7ad58,1
467641abc4d,1
272c480d8b7,1
46b457eebfb,1
6edb826d069,0
70eace05ae0,0
bd5c82d13fa,1
a6edfdfbca4,0
db280ea3457,1
6a3d6e1850f,1
9b53ebe451d,1
688360171ad,1
65efa754946,0
57d2f08bbe2,1
c29f840b034,1
678aa550106,1
44513c5f1a1,1
dfb8b71c71d,1
60deca6e321,0
bbee6aad1fb,1
1026f41b5f1,1
9d7cac1fda1,0
8710007e75d,1
112a9a76d1e,0
1faed98a01a,0
bfba88a570d,1
6aecde67c18,0
666c3477164,1
33032dc01be,1
05edf89a7e1,1
b1671e23749,0
a4e3d22b3f2,1
0ee39fb433a,1
727312b896e,1
68a8d9980cd,1
0b10437391a,0
d5b59f8dbd5,1
28f9c6f7248,1
124f27d6dd7,0
201fd605c95,1
2636c2ccc7a,1
00dae424f5f,1
ce263d41ff7,1
a5a8b82c55e,0
569b38e897e,0
42bdaee3c4d,0
af80857858f,1
55c0e06c8be,0
78c329c690a,1
398bed5c4a1,1
75c6c36e50e,0
fbd2c1d7987,0
26499813b21,0
c4814072fa9,1
cd157779f2a,0
75b5d41d091,0
6bfd90dc2ab,0
d98331d248a,1
53b75db6820,1
73d8e729b5a,0
b215e8c5f68,1
ff5f038e8b7,0
4fdc86379c4,0
0288778bbc2,1
ef531443fe7,0
ffcfbcf6b92,0
54c79c163c2,1
2d72b43ec9a,1
ba275f78538,1
49d059717b5,0
ccef0ffd414,1
865812408fa,0
1d22580474d,1
c734e4d2ddb,1
6b64d904278,1
dd2094c88f7,1
4e7626455db,1
d83fdced33a,0
220f35cdb08,1
29de1732e55,1
5e45db7889d,1
7e7788a9f6c,1
e054e6fc4c1,1
f8b76b8e8dc,1
f58623b81e6,1
c43c2dd8264,0
3625f298cb5,1
bd08de692a3,0
c23df64eb65,1
ffacebb4042,1
3b512fccf62,1
98774d3ac94,1
9d8240debf8,1
f15edf5b538,1
59f3da60b1c,1
7d3234d1a62,1
17354d7b0b0,1
04aa9101c7e,0
8837ba946b2,0
91872df9b62,1
bb9ba39aec0,1
29df75cb4c0,1
f30c15dda1c,0
fdd5b767646,1
13d8358614c,1
c63bfee1d9a,1
8e1f4bc145f,1
66b1850ce4e,0
5c8638f67ef,0
98dd952a962,0
9b8417a688d,0
5531c5f21d8,1
571b5018dba,1
f24ead8f13c,1
9cf77e10969,0
594c8e52552,1
0b72edcf752,0
891d60b6390,0
f732eec62ac,1
11975ad16f5,0
1e287de6f45,0
5af3cb754c0,1
2777211cec1,1
e20f311e7df,1
80e8ef7d930,1
32a85c247a2,1
3cbce003a52,1
a08a99e382b,1
e7a74b564fa,0
86efdf31269,1
50525fbe962,1
783bbf1785d,1
67d12a7caf0,0
c8b56f89e69,0
bdc5acfb498,0
9244aa3deea,0
1f0c25d4744,0
f5f15841b73,1
8318a37172c,1
37001929098,1
9ac30fd99b6,1
eb566985db6,1
d3d8aab6a68,0
86dc6142b4e,1
7ee27374e56,1
00ffa97b4a0,1
851b53062ba,1
6b391638c91,1
2aa2f256cfd,1
65f6b4071ac,1
f0c8cfd92ea,1
fe3caad1462,1
5fb9c40f225,1
04a46a8f8dc,0
c4429130e7c,0
64faf089f8b,0
ac3cfd659e8,1
117912d69ec,0
414c8aed615,0
e6b29b8a107,0
064e1dac738,0
97aa8ef7cd4,0
7ac0c549af8,0
324992888bb,0
05448c4bf02,0
103e2ecdc2d,1
bae0285a160,0
b7f4a1ca25c,1
7db53e69d6d,1
9f4db282ccc,1
45603b87018,0
1f5532b681b,1
e3ae968bc5b,1
ed6c2d06bf2,0
0f11ee5f2bf,1
390e527e9e4,0
d9a3c584be9,1
fba6979bddf,1
ae3b983a545,1
8724ad1b548,1
0adf28e2130,1
3880716d481,0
874073a2cfb,1
b80ccbb4934,1
311f33960e5,0
80b6b8549a2,1
0091a24681d,0
473fe22fb23,1
55c4e97b079,1
295b8da361a,0
faa8c39038f,0
92f5ce3dc4b,0
5405443abd8,0
b3afe3a2533,0
3d23dc92e09,1
a91de156269,1
2ac76bb7839,1
16f1ab103d5,1
554c437477a,1
5005d009bb8,0
894c7cee319,1
db9be964cfe,1
7d4a460e803,1
769431b8bc8,1
4dbb99a9ab9,1
fcb80beb9f4,1
14876cc1c12,1
36e68a57ddb,1
8b0057adff9,1
65725510f0d,0
b8f60a6e784,1
47beffa7dac,0
fa74cde9a56,0
d2a6bbdca0f,0
5631177ce38,0
73a87441c6a,1
1c2276f6ed7,1
1a154e6b737,0
d26530cfd52,1
34983ed128f,1
13e65680e75,0
8ea1ea7b645,0
693f8b0d155,0
e6c04e17c33,1
5f194fa8de7,1
8e829d3e0b8,1
25e402a5a2e,1
6402825a535,1
54001fed7c2,0
f7d14ce3033,1
d9fdc647357,1
ca6237c923f,1
ccde4c83552,1
6d6065fece4,1
473d31f40e1,1
3606136f364,1
3a9b2782e91,0
09e9ecc8cef,1
4fbc602e279,0
ce5a62f441c,0
3fe58629e30,0
f54c5e6c844,1
23b0e7cbd57,0
8e89adbbdb2,0
54d5eed12e2,1
76aa52ec95f,1
dc6ffd6cce1,1
9a56a780972,1
5a9f0c55360,1
c21c12f4794,0
d85dba0a1a8,1
9ea308f4adb,0
2c5683255a0,0
bee66181491,1
e730bbf427f,1
42810f50573,1
62105309b29,0
1f9c86086db,0
8bdd5cc1533,1
ce868f08cce,1
bf7fe5e190f,0
40b7b7e1105,0
514bf5407db,0
f9e3ca4851c,1
a7520acc0e7,0
99d29308393,0
2927b994a50,1
798a377913e,1
3444b086017,0
61652e4c0f5,0
3166e73da0a,1
8e08d5d83f7,0
791d35b4122,0
3a414f4550f,0
9e8f637d83f,0
70188999d6e,1
9e70eb0d8ad,0
cc2c09be8fb,1
888d8508f59,1
e7530ab250d,0
1e344a09bfe,1
083f50633f9,0
f6234564783,1
a9fbc22bd6f,1
be52c615332,1
92f692f29a2,1
8ce8cae74e5,0
4789874178e,1
32fb026c306,1
3ff333fcbaf,1
90f3b7d06e7,1
551ae8674c4,1
49544551b03,1
84e8522481e,0
f35066062e1,1
3021bb0c984,1
84e41ada4db,0
e4364582cb5,1
4cab28aed87,0
1ba76b94d66,1
10765767e32,1
17be17129c1,1
00e1ec78ca0,0
b570b8371ab,1
fea7a9e7627,0
03dc57178fa,1
85c7658aa75,1
764b807b4ea,0
2aba38c7000,1
94ace730c04,1
379a100f609,1
0440cd3caf1,0
37b1b7f81f7,1
042c7f6c3b4,0
17d4ab707c3,1
1765ea5e94a,1
142e1990a88,1
b507783c9cc,1
7d46305720d,1
e425f905e10,1
10a54f5c3fb,1
499cefb5736,0
9278c65a579,0
e4d404b09d4,1
339106620af,0
a28d39b9009,1
09176911c9f,1
6e5655bafff,0
b60961d2cf1,1
62797e6a3cd,1
7dc08a5b3b2,1
13edd070e9c,0
761471690d6,0
d9337c60419,0
5beff884aae,0
01f7ac3b4c5,0
5ab0f61f725,1
e7da5778b53,0
a73b1b23ffb,1
a33849c2a54,1
dfb0499dfe8,1
798eabddf26,1
64ca7479c39,0
7ecce151f2b,0
8514a85a475,0
e6a98c482f1,1
a35ef35a290,1
9ede0a362ad,1
bb36061eae9,0
1460b467512,1
0f3b91517db,1
fe6fff65d82,0
f63adbd0d26,1
521214dd1af,0
9a1a8dd11ac,1
51ce29e4e5b,1
f07ddd6d8bb,0
062c0ceb4aa,1
a36f4bc09a8,1
b7e46c39d1d,1
f5c83d71ba2,1
2ebde2ce4a7,0
0c67a60a565,1
9cae36e490b,1
49316512d5c,1
209b39636cc,0
ea9bb1f7423,0
42be55d10a5,1
ee0a33583f2,1
2c41591a921,1
e532bc8b211,1
a3e8c8e293f,1
4c794dd75d4,1
3593a5ef13f,1
4f5f9202040,0
08f61c5ed8c,0
e22448baf5e,1
d6d5ac8221f,0
ab18e8919ed,0
1ec71c8b481,0
193dc15a2b5,1
006b3e76a86,1
ecf7379abeb,0
2d7891e925b,1
bdee03b385e,1
c1e26831dbf,0
de229d104bc,0
40bb6d2ac89,0
bf99d9673e6,1
924845b377b,0
a4b3aaaaf0d,0
c8a5f63aea1,1
66dc1863d8c,0
492c438388a,1
2fbae0674ff,1
49bb0f42059,1
a7d422b653e,1
2aa887d86b2,0
da5af3cd7fb,1
da597e4206e,1
a23f2fe7b30,1
2a8ea132185,0
d820236bf29,1
c742209e57d,0
6fe91c6cdc8,0
b15ac356f17,1
c10b82d278c,0
b895ac69395,1
2ddb2f40639,0
32b9339b331,0
473bc65133c,0
1706d02acdd,1
b8fb8611ecd,0
61336d65db5,1
468da0b8288,1
88cad04f39e,1
24b34569cc3,1
eb8e7128f49,0
67844bf35da,1
4693d96fcce,0
2360b1810b5,1
1a91476a6e2,1
7756c7d6987,1
f262cd699e2,1
2eab3a2a49f,0
fdfceb05802,1
eebc3944aa7,1
57fc2f48563,1
fec24c460e1,1
9cafad18105,1
ba649f2adf3,1
0bc56400224,0
0d80e762ee2,1
d85e276e243,0
15622745c50,0
f7f3fd37130,0
f1b36ee4f3a,1
37f0558335a,0
9d37cc60a24,1
156e1ebdeb7,1
ac05a492622,1
4ea63150bba,0
af9e303bdeb,1
fdc92d0b8d3,1
d48a0290617,1
75a7e774231,1
ed7c7da632e,1
66ed842d32f,1
f93b5641ce5,0
2b9923b9293,1
6ab103295ed,1
e906d00058d,0
d0436ed9dfc,1
1a21b05965e,0
1511f67aa76,1
87d3409575c,1
f66c68ab178,0
feafc1aadb4,1
61d3f6af824,0
e55c065688e,1
45c0ba934f4,1
6388e91ed17,0
5cb7ff4dd14,0
9dbe5f17a08,0
c056c50fefb,1
916b5f86999,1
7b83e10dfce,1
7cd0075a013,0
94e74c30ec3,1
425a891c4ed,1
ae22f1ca454,0
5e8cc429a49,0
795c2cb50c9,1
aaea6c80013,1
e8333c2da25,0
dc6b9a3c163,0
815357f1fc9,0
5c6054b04b9,1
936ffc0874e,0
fac6271ed0b,1
c05d88b89ac,1
540125e88cb,1
6db3798ba11,1
bf842750516,1
76c1ea9cf14,0
d59121f7dc0,1
69d3c73b262,1
1f72fe4c069,1
c02001d0b45,1
86ce7567b7d,1
b30b3b12281,0
e228a63c140,0
f0e93f5677c,1
3d1085af8e6,1
5ef3506de90,0
27173f7fe34,1
3cc72fabda7,0
e5b88d3d026,0
3d0a89891d4,1
7444f3908fa,1
6bf5f793d9e,0
6f6b3d77352,1
27825211d9c,1
7a465c54185,1
5d7b46239b3,0
37682b6bd45,1
66d121af30a,1
2135a2338c2,0
80aa9eacf03,1
326ff770e85,1
2c09443d389,1
d65efa08b94,0
7d99761c342,0
0696111b312,1
6d931211ea9,0
4df983d5066,0
27a20be2200,1
1874ea7275b,0
84e4861d122,1
cf049753286,1
4d0472573e1,1
f0c7944dc41,1
ccde65fc626,1
63c8d354c5d,0
f5866d1315b,0
7aeadc39302,0
68a98b83cef,1
e4a6c3ad917,0
e0727ebf042,0
322b22c0e5c,0
2ab4ccba3a8,1
4e7a6a161f0,1
b1be4ef2863,0
ea11bfccdd8,1
40aa7ab5066,0
008f9aff083,1
39b53f056b5,1
b4084a58fe2,0
60820feab0e,0
1746f932b23,1
ff29c19349f,1
1a3177e6d40,1
a36a18352d0,1
be503ce241d,1
7a33003661e,0
23775b9a9ad,0
22d678d206d,1
5a0928db778,1
eaff1825387,1
8651a1dc6e3,0
ce921915cbb,0
cbb33369f48,1
4390e1827a8,0
c4507de47bb,0
d1e1e03798d,1
a5aed3f23b9,1
8e8c0d702dd,1
5f767200108,0
8cfd27c1dc9,0
deb56f3845c,1
f05fa7d3e46,0
fdf675d0225,0
9da51aa4d5f,0
239735ee982,1
3596793cda4,0
32025ad63aa,1
3a0147de820,1
d4859387880,1
b6d6402a68c,1
95812fb1728,1
4544c0e90e3,1
3951acab40e,0
15b3c2e537a,1
b5a16b2eb68,1
8edf80f151b,1
410951fa66f,1
607010962df,1
cd2ef7b7952,0
37ef45e103c,0
def29a38c1b,0
4ab06be9c05,1
da8359a88fd,0
5c64fbcfe9c,1
721a4a0769c,1
51472438985,1
90955277f8a,1
e7b1d37df3d,1
9ea825b685a,1
0eaaee5f9fc,1
130c8e52624,1
df92956de2f,1
17a10025ad7,0
d32c58f8337,0
491a84d1b15,1
e9aa22f7bbf,0
3231447a32b,1
5e4173b1ca0,0
e9238901519,0
f757c8e3fd3,0
d1fdfdd7e38,0
8ab5572c9fe,0
f7b959c273d,1
aac7d67fe7f,0
51a1b0ec651,0
a86043d7d52,0
43ff82d6c78,1
fb5873d6982,0
2030b478cd4,1
65bf7f7e597,1
df93c4f2a66,0
69eb804c0d4,1
a551db24d29,1
db5460acd28,1
22a8a7c7d40,1
bd5645fba09,0
fff12168352,0
2e1d3748c44,0
da269ac44b4,1
4a25d7c2e28,1
6125da25eec,0
83608aea55b,0
8a02272ffd8,1
f6d815c2d04,1
1cec7ae4af2,0
f9db366ccd1,0
1cc6016c1a4,1
28331a38502,1
1827e1ac4cc,1
aa637ea91ce,1
4bd2164bcfb,1
2628ea21ab6,1
f339c1d82cc,1
0488c736e21,0
8ceb285ec8e,1
e5c96938923,1
b9cae4bc399,1
4f0ec7a0bf5,0
1e98cb676eb,0
c1a352cdc59,1
0834015bf43,1
14e945a7f9e,1
6d0fe3b3884,1
881e988aac7,1
292ac53be85,0
3ea0a55406a,1
555770bbd8d,0
7d98df805af,0
45dfeb713fd,0
2589ac8ac8b,1
9be95bba8a7,0
e5831b753dc,1
61a76894ee1,1
c5332cb1ae1,1
9b2aae64671,1
0cc3b5d1f8d,1
331aa2dd5f2,0
6c04abbafa1,1
a826d8473c1,1
95549767e56,0
0c24f4d7e3d,0
739c594a34f,0
7d3378cc42d,1
72573cf69c2,0
3197dd015af,1
8e3155cc89d,1
6defb9602b7,0
90cf91b83d9,1
8833304358f,1
0ec4b5bd246,0
4ecfb324c5c,1
49b644a1ffc,1
2ab168e7797,1
fb709de0b8c,1
8ef95b2ce3c,1
f0fe1d6d7f6,1
3876ed5aef1,0
1078a391e14,1
e2ad4b39386,1
5ce825f58d4,1
d51f3a2e2ee,0
d71c0b2feb1,1
dcc0eb4f05a,1
6276cd58968,1
3dbf115b234,1
0554f941601,0
f204a4b3fb4,1
d6b25af30fb,1
5ebeb349820,0
0e9578320df,0
7a52897d821,0
2dffb872a58,1
4586a02ce96,1
b8e5f7842ad,0
fdf64471070,1
6016a3f03a0,1
43326a3b1c5,0
f9ed8d73f13,0
d858b44364b,1
ae0a84a7bed,0
d5af4afe1cd,1
900066d617c,0
1a2dc3ba6e3,0
9433a5c68ba,0
e212c4e872d,0
a1fdcaae877,0
f3dcf9f1b99,1
c5f3420f0f1,1
5ab65d40c41,0
b7a42c0c650,1
8c63d6e8aab,0
492d383e550,1
ae1b0ce24b2,0
6b6b7d91a6e,1
1de91cabd75,0
bbb902bc6b4,0
be21b8ef9aa,0
02d5493d3b7,1
deabe1529e3,0
2710c67b78d,1
40859ac94c8,0
e3970dcf468,1
b199e3ab0e8,1
f9c30747a16,0
08e64e51063,1
4ff5ecdf986,0
69ba4cc374b,1
deb4cda96a4,1
f3d13e84ba8,0
c97eafac1e8,0
0b706509467,1
f9c4d9a4ccb,1
86b92d9e973,1
44833b8ea78,1
714233bac0d,1
bcc02ede647,1
0c7e51afa67,0
d3a6f47d473,1
55460322c27,1
a35068e822c,1
c0854007b3a,1
965093344b5,0
c7ac5bfeeeb,0
af5e1453a53,0
711a086569d,1
0e599234c14,1
be873ec2d05,1
fe5346c16de,1
8f8a6118d2c,1
cfa841f082e,0
12bb00191a0,1
86b0cfc6968,0
f956764ac1e,1
18e5e03be6a,1
748948de277,1
eb773dc1d0b,1
314b6ddfccb,0
ae8c453f1f5,1
a4d2ef535e4,1
b769b552f58,0
84ef350bcbb,0
33c3b14eec3,1
22251620a4b,1
8d9fe22e1f3,1
7a0342a1f79,1
3731778fbcd,0
423ad9ee068,1
0b117e5d61e,1
ee1a2a9df4a,1
8ca5607c114,1
6d15fcaa40b,0
9c958470085,1
c0b74fa5516,0
0a0a7cea12c,1
c4e84de9c18,1
69a4f99c7b8,1
ff2fee0ae55,0
c8f772ba6f8,1
43d00233b0d,0
625561fb5a8,1
cc0dec6d017,1
ca00ad11067,0
28b82283828,0
ef6517f6a4c,0
f90b5f71045,0
5a41a4001f2,1
63b19f96841,0
9ffb5f045fe,1
02966a199e4,1
1738a858cc3,0
d9344cb6e87,0
065d7df5144,0
31d5d011566,1
acea0ca3f8a,1
c1d51f68892,1
19eb44da401,0
c7856ca43ae,1
db4323a60c9,0
40adfbc21b4,1
ed23e50a18a,1
7eaec35941e,1
af41e3a9abe,0
39235acee20,1
b0cd095732a,1
0d5d329c473,1
5b2e5204c19,1
f2a2310ea34,0
f5bb3681e31,1
3d9ef45ea6c,1
04b691086e8,1
634feb4f4f0,0
f8aafc2c217,1
61c5c01e475,0
b3acd73c013,0
94d1a425e13,1
e6ce9172bed,1
f4793133b57,1
7f6edad725d,1
af68cd208ff,1
36bf072821d,0
731fbde73d3,1
35753108d5b,0
fdea3c763d2,1
5a39adc80cd,1
a89cb1ccac1,1
f5ee72bfc71,0
4404f5ff4d1,0
2273959a277,0
818471491af,0
7c4cc475cbd,1
73fc6989645,1
d6911149e19,1
1b86a17524d,1
f370ac6a7ca,1
1065f4d58e2,0
63c15ee2ff5,1
b1be989f7ea,0
ddd0998b605,1
f55cb2b108d,0
9b52697fbec,1
172633666d3,0
d12439823c9,1
2cfecbd12ca,1
062ad383eb7,0
3be39a7c830,1
64295f3c5bc,1
2afb1742275,1
8fc58e53cf1,1
c282e1405c8,0
c1a7b96e435,1
babc6e7bc46,1
5d29e896be2,1
33729ea8644,0
a927a4c3c64,1
b3b1cef764a,0
b189f0f77cb,0
290b2913db5,1
75748a36993,1
73275469726,0
bf515d0ab1d,1
6e953676678,1
0408bfe8a6b,0
6b4da7412f4,1
bdf8a8c5c16,0
3ff88bc8bba,1
beaff08e820,0
ba3c5f79286,1
82e2490cf73,1
41bfe577511,1
bf3471fbf52,0
21936513f5b,1
6848181a0cc,1
d04922b4d65,1
cb92940ba4e,1
4045571c03e,1
52daa436d3d,1
d1551bb4caf,1
cf0fe3e6b03,1
622a88edb3e,1
5826e12d4ce,1
52af355ad0f,1
4888ac242ad,1
6c4b97062b1,1
46848711033,1
71f38dc611e,0
a82a4f76546,0
11d3d9b2407,0
879f5f2ee01,1
6a6a74878d9,1
6969085cd52,0
dfca9c61cfc,1
4772f53873a,1
a5f8ceabb31,1
0e024dde628,0
2d20403c0f0,1
e0f223fb930,1
79bc680cd97,1
b7393f6c520,1
e936496665f,1
f22cf85504e,0
b6a1c7213d8,1
0623b2ce198,1
7769077c542,1
8caf4b20771,1
4e8cef0a59c,0
093c5191bb5,1
bc4211b6d78,0
da0d857a8a0,0
88406d6796c,0
5518a7c47de,1
374b05a5c43,1
a5055b75f29,1
bf18be7db8c,1
bcf8475c56b,1
178f594c4a6,1
e4401c086a7,0
8f9c86d7a40,0
1382c885437,1
298bf4c3895,0
becfc174e68,0
7fa1211d285,1
2e8433288a0,0
6b26e351720,0
5975969ea52,1
dca58cec6d5,1
feb6228aace,0
b0821938f7b,1
f8db5e879f4,1
c121ef1b972,1
2ee6954ad4b,0
fc9b73e5c50,1
35920ccccda,0
2f72fa87893,0
94e8ca897f5,1
26e9ad8a6b7,1
2aeee76ac56,1
0792b7f5869,0
fb1a8106c0d,1
aa42c40855f,1
f306623d26f,0
c25cb7682b6,0
713319627e7,0
bb0eb07a204,1
32ec2f1c220,0
6723813314a,1
c510f9dd513,0
0cc35a904a4,1
628c53950d0,1
21b9e804874,1
3cd5fd0948d,0
4aa87e6f840,1
a185b270289,0
ab4b995c571,0
6363109047f,1
2ebacecfed8,0
76c3becd6da,0
645af647a9f,0
ac1a2e6cd32,0
c717db3adef,0
a6d65a3af0c,1
24c6e10bfa1,1
41329f64164,1
e8f93581c40,0
4300e7899d2,1
bc54a0792df,0
0becd968a89,0
6e3f0862bf5,1
ad23b63ed93,0
d43a991bc38,1
ad80cb7dcd4,0
9953d6adeda,0
67d542400d8,1
30783b6001b,1
dc20c84a3a9,1
e304bd9e82c,1
e06180e536a,1
bc91dfc4554,1
41c7dee8844,0
5bbcdceb0da,0
0256931d749,1
c39bb3612ea,0
11d895a1980,1
e007c7acacf,1
fff3f60d982,1
1eeebf5e01b,1
1800a924483,0
13df273cf58,0
b024da037db,1
8a34dfd23e8,1
afd3b61137b,0
9ece30df077,1
b5fb6345565,0
b14e902086e,1
3bd1a0068d0,1
10f7a20207d,1
09ddb03e8ce,1
46413b708d9,1
93f4c4a6f04,1
8553025ae43,1
815c2770123,1
2a232c92c50,1
545310dc23a,0
568786b9a4a,1
3dea0af1f00,1
afecadafb38,1
fb2e12c3e84,0
731f22c0378,1
dd006d7f544,1
536d091340f,0
35f6449ae6e,0
a79414471d7,0
218270e2914,1
66d1e6991c1,1
65600fae937,0
ac76a77e42b,0
fed90e354b9,1
4434088faf9,1
e36c2aaf4d8,0
bb8aae5b878,0
d06462a3c7c,1
30c7718af3d,0
5bb5eefa2e5,0
ae29c5ecb40,1
8f6db9cda90,0
65bda0a59a0,1
20d11b829d6,1
2676cbeb414,1
ae20e500aa7,1
8f244fd9b2d,0
de2acba6a69,0
de85373d678,1
1e08b305757,1
eb7d0ffb0eb,0
3f20a900666,1
541b9da5b50,1
8e4d40f0a26,1
1fd2d2f1c5e,0
f9da8424465,1
f8d5573f201,0
a277f03c947,1
7d7c010b8fd,0
b5e456b3fcf,1
a87616381cf,0
bcff3e74456,0
d8bd0d0b4a2,0
ec5c961bdf8,0
a4e7d239f20,0
8274e70400b,1
f4e0fe6ec5c,1
6f1f7f8a316,1
ad200f3e46d,0
8c657707200,0
c024eb19c90,1
b775b494417,0
6afe3b0a8d2,1
36979697325,0
60a56acbcc2,1
662b17c33a1,1
df60d010323,0
3f98126a795,1
96a06abeb4a,0
b5e280fb68f,1
1ecb7c5ce2a,1
96db8e9c40f,0
64047721465,0
3aa61ad8d2c,0
d4a3f769ab5,1
087e9a2de8a,0
cde07ff3c37,0
5565cc0a477,1
ef544d85081,1
793188edd51,1
4e62a1a59ed,0
f7d74949718,1
350ae8a63c3,1
5c7d7a22742,0
349c472a52c,1
10e3081a479,0
b9c5dfbffca,1
395c3d9bb94,0
3639c656dc5,0
b3198918f31,0
028f93544d7,1
b8b3a44c24a,1
8936f5cc64a,1
f2cc7d09456,1
3a9811edaae,1
3fbc5d350d2,1
c57d2b7d9ca,1
cf1c35ff8f6,1
24451c409ab,1
cea5177d8db,0
6420e0e9912,0
45aa6d013e0,1
a76a63f1176,0
bb149fe3553,1
4d54b0c1c18,1
b29c15fb17f,1
327deee93c6,1
d9f58c01131,1
aad4fca98d1,1
804b25611a4,1
ec88defeed7,1
d488a78af72,0
4635fcb7f39,0
90dab00e7a5,1
9c67b6b6072,1
76828434a2b,1
aa8e660a4fb,0
97d4c82ebbb,0
38b350d8650,1
dc18e895be9,1
6a9e5161cb6,1
7bf7dd877e6,0
ea80e008119,1
dfc3da06953,0
6152aff43c8,0
e74e2477a98,0
a4cc087242a,0
63795bfddcf,1
d1c4e54ac0e,0
23261f2ea34,0
ea2e8f75963,1
d019145b2c8,0
3829bed6872,1
bfdd6fb81bb,0
688f7691bfb,1
0a7f750c933,0
8616c26a1bc,1
cd85db8bc25,0
ac1ad88810b,0
95b07316af3,0
78eb0ff3908,1
701f4d64a38,0
44511fe1453,0
16e2544ebee,1
87f5d44229f,1
953acd6f131,1
93a0366c4c5,0
fffcc197e1c,0
62f475fc311,0
b045de2ab87,0
55f3c31ef88,0
16b793580b4,0
2d0d0d24af8,0
f25c4f9673c,0
de5a240faf3,0
b5c3b5b3878,0
2047271eb2b,0
3e815c3e8e6,0
7b4c49f9e1c,1
dfc6a609a07,0
c2cef4b28e1,0
ee54cf8ab8e,0
fc1ae5e6dd0,1
179d22851f9,1
977a123c7d4,1
77ecd603f51,1
9b87f86612e,0
d34a7b20339,1
198aeb32f46,1
9d5a974fe5b,1
11eeca2d097,0
e9a3178f662,0
0019b7abf50,0
5e83b240424,1
b24d045ccaa,1
1b8b5ca0c36,1
419f39da250,0
0dffeff27c1,0
ae6d38f9ebc,0
4239c6d8f94,1
6cdae798ab2,0
48fe1175d23,0
e11565445d2,1
6e0b59f4021,1
f8568f09e9e,0
eee91169a56,0
3c546c422ff,1
32c8f623ed5,1
a2a52d0fd7e,0
131906432c7,0
9a268eb1fc9,1
4b77a33273c,1
0c485b8d38c,1
3b93170811f,1
002e900838f,1
9cc2549de66,0
33eec3c7c11,1
7f1c0154236,1
16c8a270904,0
ede08ae601e,1
83043adfa44,0
d2500e6f0da,0
927a39b5bb3,0
3d920ec7ab9,1
8bd23b3c2d8,1
1ee7738f9fb,0
4e70b5fa1b3,0
e473bd7288e,0
99890ea5ada,1
cfd99859fb2,1
6e7e049ec61,0
f86d22e2eb7,1
3c9b3652094,1
c0edd02d443,1
14fcee59e1c,0
4907847d3f2,1
58def4c9dfe,0
6249c88f1cb,0
27d2cc69bc0,1
bb0777a519a,0
6176371de3c,1
fa9bca70855,0
433feef2399,0
6e0ac182bd1,1
a69d4b94917,1
b3f0183e014,1
d5f5d1b553a,1
15e15c06af0,0
3bd98221185,1
bda46e0144a,1
af7a95506bf,1
ae0772e22a9,1
4df917b15c1,0
780bbdf2eff,1
b651f3486bf,0
dfcbde596d6,1
8cbae003675,1
a6a827b9584,1
d589afcbb3c,0
88aa622d3ac,1
cfbc2dbed4f,1
90c7c839b5a,1
9d9625b5195,1
eaeadbd45c3,0
4e25b762677,1
5add509e027,1
832534da6bf,1
815bef2f945,0
3aa9bab40d3,1
c8bc0a4fb4e,1
9ac4c7f0409,1
7fc3567c35e,1
f2430b6d409,1
30ecfe7b97b,0
3e3a450f862,0
31b3150e5d7,1
6a33c5a899f,0
f307ffd841c,0
df2b8d52174,0
cc52315ef79,1
13a80101470,1
a5dedac3e5c,0
3cc240e7402,0
7c68fb20b11,1
78c2f0067d8,1
279c7d23eb7,0
d67af0ec109,0
7d2e8114e9a,1
f479ed04b66,0
